id,user_id,query,source,results_count,created_at,title,subtitle,code,actors,duration,tags,release_date,publisher,keyword,updated_at,cover
2fdfcc3a-8dcb-4df2-b276-fa9b7a104743,95b5257d-209a-40cb-912d-e15cc1ecc917,STARS-080,jav_sources,0,1785064408909,,,,,,,,,STARS-080,,
a9205065-9e37-4a0a-93ae-cb1483cce233,95b5257d-209a-40cb-912d-e15cc1ecc917,STARS-145,jav_sources,0,1785064410260,,,,,,,,,STARS-145,,
ea27784c-d36b-48af-a877-25c5006a08e2,95b5257d-209a-40cb-912d-e15cc1ecc917,MXGS-784,jav_sources,0,1785064411545,,,,,,,,,MXGS-784,,
3f1efa44-9dc4-468f-ac63-85b9d3401bdb,95b5257d-209a-40cb-912d-e15cc1ecc917,VDD-123,jav_sources,0,1785064412869,,,,,,,,,VDD-123,,
c6fc68bb-d32b-40be-9c8a-88d2efe9da9a,95b5257d-209a-40cb-912d-e15cc1ecc917,STARS-168,jav_sources,0,1785064414164,,,,,,,,,STARS-168,,
f212bc2b-85cd-4050-8462-ea2d6c39dff4,95b5257d-209a-40cb-912d-e15cc1ecc917,SSNI-624,jav_sources,25,1785064415456,SSNI-624 3年前に寿退社した出戻り元上司を出張先ホテルで3日間ずっと犯し続けた記録 星宮一花,,,星宮一花,120分鐘,"OL,監禁,連褲襪,高,凌辱,薄馬賽克,高畫質,單體作品,DMM獨家",2019-11-14,,SSNI-624,,/pics/cover/7dly_b.jpg
1094f794-da55-4b89-9f78-e6a1e4d83245,95b5257d-209a-40cb-912d-e15cc1ecc917,IPX-557,jav_sources,25,1785064417039,IPX-557 隣人入居者の絶倫喘ぎ声に欲情してしまったワタシ… 若いち○ぽを貪り放題！！管理人NTR 相沢みなみ,,,相沢みなみ,120分鐘,"淫語,新娘、年輕妻子,數位馬賽克,高畫質,出軌,戲劇,單體作品,DMM獨家",2020-10-10,,IPX-557,,/pics/cover/7w29_b.jpg
63182b9f-6c7b-4378-bdf6-2a350bfe3357,95b5257d-209a-40cb-912d-e15cc1ecc917,FSDSS-513,jav_sources,25,1785064418638,FSDSS-513 突然の豪雨にホテルで雨宿り 絶倫部下に何度も何度もイカされたワタシ。 …,,,小野夕子,120分鐘,"OL,巨乳",2022-12-22,,FSDSS-513,,/pics/cover/9ekh_b.jpg
97d29275-b421-4119-a485-69974d34149c,95b5257d-209a-40cb-912d-e15cc1ecc917,MIDE-934,jav_sources,25,1785064420212,MIDE-934 犯●れて…助けを求めてきた美人OLが濡れたノーブラ姿だったのでたまらず追姦レ×プしてしまった。 藍芽みずき,,,藍芽みずき,120分鐘,"OL,數位馬賽克,中出,高畫質,單體作品,DMM獨家",2021-05-28,,MIDE-934,,/pics/cover/897o_b.jpg
90ffc4fc-41d4-478b-94f3-47d4933dc9c2,95b5257d-209a-40cb-912d-e15cc1ecc917,ROYD-110,jav_sources,25,1785064421766,ROYD-110 オナニー盗撮をネタに肉便器にさせるはずが、逆に僕を性処理ペットにして筆下ろしした巨乳上司の甘い罠 小花のん,,,小花のん,120分鐘,"蕩婦,高畫質,處男,M男,巨乳,女上司,單體作品,DMM獨家",2022-11-18,,ROYD-110,,/pics/cover/9cgk_b.jpg
b083e21b-e2a2-4d59-82ee-cb7246c3b922,95b5257d-209a-40cb-912d-e15cc1ecc917,MIDV-713,jav_sources,25,1785064423326,MIDV-713 単身赴任から半年… 久しぶりの自宅で真っ先に目にしたのは僕の愛する妻が自宅で知らない男達とアヘアへキメセク乱交している姿だった… 北野未奈,,,北野未奈,120分鐘,"濫交,已婚婦女,高畫質,出軌,巨乳,單體作品,DMM獨家,顏射",2024-05-03,,MIDV-713,,/pics/cover/agff_b.jpg
bafb3e26-17fe-4661-a74b-4639772c5e71,95b5257d-209a-40cb-912d-e15cc1ecc917,IPZZ-266,jav_sources,25,1785064424910,IPZZ-266 マジかよ！？鉄マン「桃乃木かな」も完全昇天！！ 絶対SEXが上手くなる究極HOW TO SEX秘技教本 デビュー8周年！！100作品目記念作！！,,,桃乃木かな,210分鐘,"角色扮演,高畫質,教學,巨乳,アクメ・オーガズム,單體作品,DMM獨家",2024-05-10,,IPZZ-266,,/pics/cover/agxl_b.jpg
3e7ab196-fbf8-4f02-ac05-d5adc1858f64,95b5257d-209a-40cb-912d-e15cc1ecc917,SSIS-531,jav_sources,25,1785064426534,SSIS-531 人生初 絶頂、その向こう側へ 河北彩花,,,河北彩花,151分鐘,"藥物,口交,花癡,多P,薄馬賽克,高畫質,キス・接吻,單體作品,4K,DMM獨家",2022-09-23,,SSIS-531,,/pics/cover/94yc_b.jpg
59a533dd-3a36-46b9-bc2f-18b0e731254c,95b5257d-209a-40cb-912d-e15cc1ecc917,URE-097,jav_sources,25,1785064428165,URE-097 FA●ZA同人総売上12万DL越え！！ 原作:clone人間 NTRミッドナイトプール 高学歴美熟女の壮絶アクメ連発を過激に描いた狂宴作品がついに実写化！！ 篠田ゆう,,,篠田ゆう,148分鐘,"成熟的女人,已婚婦女,高畫質,原作コラボ,泳裝,單體作品,4K,DMM獨家",2023-08-18,,URE-097,,/pics/cover/9vr2_b.jpg
da199c85-6f11-4830-9ebd-211bb76f8fba,95b5257d-209a-40cb-912d-e15cc1ecc917,SSIS-724,jav_sources,25,1785064429880,SSIS-724 気の強い女上司を自宅に送り届けると… はだけた美巨乳ボディに童貞部下の性欲爆発！ボクは一晩中ヤりまくった。 山手梨愛,,,山手梨愛,148分鐘,"OL,苗條,乳交,薄馬賽克,高畫質,巨乳,單體作品,4K,DMM獨家",2023-05-19,,SSIS-724,,/pics/cover/9ol0_b.jpg
f45cc5d0-e3b4-45e2-a185-35da7a98f854,95b5257d-209a-40cb-912d-e15cc1ecc917,PRED-772,jav_sources,25,1785064431462,PRED-772 女上司のミスを全て肩代わりした部下の僕達とのいつでも、どこでも、肉便器契約。美尻ノーパンパンスト出勤アナル見せ中出し輪● 山岸あや花,,,山岸逢花,177分鐘,"連褲襪,姐姐,凌辱,中出,高畫質,女上司,單體作品,DMM獨家",2025-06-13,,PRED-772,,/pics/cover/bfca_b.jpg
010d4e02-3bcf-444b-9023-68d8c059d73e,95b5257d-209a-40cb-912d-e15cc1ecc917,KBR-026,jav_sources,25,1785064433036,KBR-026 人妻秘書 背徳の舐めしゃぶり契約 松岡すず【限定特典映像35分付き】,,,松岡すず,165分鐘,"多P,秘書,深喉,中出,單體作品,フルハイビジョン(FHD),美熟女,MGSだけのおまけ映像付き",2025-07-04,,KBR-026,,/pics/cover/bg4j_b.jpg
b435a81c-32d2-4bf8-8df2-e396db99e7a9,95b5257d-209a-40cb-912d-e15cc1ecc917,MIDA-319,jav_sources,25,1785064495353,MIDA-319 男を悩殺する長身美脚ハイレグ競泳水着の誘惑。商品開発部ありな部長の食い込み卑猥Vラインの挑発に乗せられて…着衣のまま生挿入！！中出しFUCK 新ありな,,,新ありな,125分鐘,"OL,苗條,中出,足交,高畫質,單體作品,DMM獨家,學校泳裝",2025-09-11,,MIDA-319,,/pics/cover/bmsc_b.jpg
54082227-bafd-4336-af6e-50312d73f79d,95b5257d-209a-40cb-912d-e15cc1ecc917,ATID-566,jav_sources,25,1785064496938,ATID-566 未亡人、哀しみの妊娠報告。 白峰ミウ,,,白峰ミウ,120分鐘,"寡婦,高畫質,出軌,單體作品,DMM獨家",2023-06-30,,ATID-566,,/pics/cover/9rus_b.jpg
22fff89b-400b-4a51-b331-f12bb02be88c,95b5257d-209a-40cb-912d-e15cc1ecc917,JUR-354,jav_sources,25,1785064498506,JUR-354 汗ほとばしる人妻の圧倒的な腰振りで、僕は一度も腰を動かさずに中出ししてしまった。 めぐり,,,めぐり（藤浦めぐ）,161分鐘,"蕩婦,成熟的女人,已婚婦女,女上位,高畫質,巨乳,單體作品,DMM獨家",2025-06-06,,JUR-354,,/pics/cover/beu1_b.jpg
41cd261e-41a9-4278-9cb4-d71526e31c09,95b5257d-209a-40cb-912d-e15cc1ecc917,ABW-220,jav_sources,25,1785064500068,ABW-220 【プレステージ20周年特別企画】月曜から中出し×涼森 れむ（特典映像・TOKYO流儀）,,,涼森れむ,220分鐘,"中出,巨乳,玩具責め,女優,自慰",2022-04-08,,ABW-220,,/pics/cover/8wdp_b.jpg
6aac4c0a-6e5c-478e-a8f5-a8b547b34949,95b5257d-209a-40cb-912d-e15cc1ecc917,AVOP-237,jav_sources,25,1785064501628,AVOP-237 マゾ変態母乳,,,園田詩織,125分鐘,"已婚婦女,拘束,中出,母乳,高畫質,顏射,AVOPEN2016素人部門,單體作品,DMM獨家",2016-09-01,,AVOP-237,,/pics/cover/5od4_b.jpg
0d99138c-1e50-4f6d-86a2-7f97d0368b42,95b5257d-209a-40cb-912d-e15cc1ecc917,IPZ-462,jav_sources,25,1785064503222,IPZ-462 Wエロ痴女ナース 過激で刺激的 凄絶な240分,,,"桜井あゆ,立花美涼",240分鐘,"蕩婦,护士,淫語,數位馬賽克,高畫質,DMM獨家",2014-09-27,,IPZ-462,,/pics/cover/4ga9_b.jpg
13f661ba-06fb-4816-b747-1216635c123d,95b5257d-209a-40cb-912d-e15cc1ecc917,CJOD-433,jav_sources,25,1785064504805,CJOD-433 酔うとヤリマンになるCAに美脚黒タイツ挟み撃ちロック＆ベロチュウ体位で出張不倫フライト 森日向子 木下ひまり,,,"花沢ひまり,森日向子",160分鐘,"蕩婦,連褲襪,多P,中出,高畫質,キス・接吻,DMM獨家",2024-08-23,,CJOD-433,,/pics/cover/ap2w_b.jpg
2f69f2f5-021f-4788-b9f7-3af5fae8ec40,95b5257d-209a-40cb-912d-e15cc1ecc917,MIDV-751,jav_sources,25,1785064506384,MIDV-751 「君のムラムラおち〇ぽシコシコ治療してアゲるん」 アナタの右手を支配するチンこきナース舐めシャブリ淫語責め！イク瞬間まで見つめて胸キュン顔面特化オナサポ射精管理クリニック 新ありな,,,新ありな,120分鐘,"蕩婦,护士,苗條,淫語,高畫質,オナサポ,單體作品,4K,DMM獨家",2024-10-11,,MIDV-751,,/pics/cover/atww_b.jpg
eeab70b8-9fd6-491e-ac8a-52e90b9a7c54,95b5257d-209a-40cb-912d-e15cc1ecc917,FSDSS-418,jav_sources,25,1785064507973,FSDSS-418 ゴミ部屋に住む隣のキモ中年に悪臭チ○ポで寝取られアクメ交尾され続けた…,,,天使もえ,120分鐘,深喉,2022-06-09,,FSDSS-418,,/pics/cover/8yqk_b.jpg
8f1aa7a2-a180-475f-b48b-24dae5b51ee7,95b5257d-209a-40cb-912d-e15cc1ecc917,PPPD-451,jav_sources,25,1785064509543,PPPD-451 彼女のお姉さんは巨乳と中出しOKで僕を誘惑 沖田杏梨,,,沖田杏梨,120分鐘,"乳交,姐姐,姐妹,中出,高畫質,巨乳,單體作品,DMM獨家",2016-03-13,,PPPD-451,,/pics/cover/5de3_b.jpg
c298d5a6-3090-4fee-b889-51afbc0b3a7e,95b5257d-209a-40cb-912d-e15cc1ecc917,STARS-818,jav_sources,25,1785064511212,STARS-818 美巨乳で無自覚に男子生徒を挑発してしまう天然な神木先生は成績が全然上がらない僕を心配して勉強だけじゃなくチ○ポの面倒も見てくれる女神様だった…！ 神木麗,,,神木麗,130分鐘,"苗條,女教師,乳房,中出,高畫質,單體作品",2023-05-02,,STARS-818,,/pics/cover/9owi_b.jpg
6d7099fc-6259-4a14-a9b1-76eaa6fe0827,95b5257d-209a-40cb-912d-e15cc1ecc917,PXH-016,jav_sources,25,1785064512803,PXH-016 神熱AV女優を1日貸切ひたすら本能の中出し交尾。 ACT.02 最旬AV女優×完璧BODY×生ハメ 藤森里穂,,,藤森里穂,134分鐘,"第一人稱攝影,乳交,中出,高畫質,巨乳,單體作品",2020-12-04,,PXH-016,,/pics/cover/7zmq_b.jpg
d976f0fb-53c9-48de-8f5e-eae00df8ded6,95b5257d-209a-40cb-912d-e15cc1ecc917,IPX-475,jav_sources,25,1785064514389,IPX-475 パンストマニアの標的になった美脚女教師 股下85cm！ハリある太もも！狂気的ストーカーの粘着孕ませ性交 希島あいり,,,希島あいり,120分鐘,"女教師,連褲襪,偷窥,數位馬賽克,高畫質,戲劇,單體作品,DMM獨家",2020-04-11,,IPX-475,,/pics/cover/7m7t_b.jpg
5e5fbcd7-a7a8-45db-a5b3-7e425e3b5ad9,95b5257d-209a-40cb-912d-e15cc1ecc917,SNIS-623,jav_sources,25,1785064515961,SNIS-623 美乳がポロリ RION,,,RION,120分鐘,"乳交,戀乳癖,薄馬賽克,高畫質,超乳,巨乳,單體作品,DMM獨家",2016-03-13,,SNIS-623,,/pics/cover/5dee_b.jpg
5c59b9b9-b913-4525-99f8-32545f817f2c,95b5257d-209a-40cb-912d-e15cc1ecc917,PGD-864,jav_sources,25,1785064578249,PGD-864 中出し女教師の誘惑～憧れの若妻先生と秘密の校内性交～ 里美ゆりあ,,,里美ゆりあ,150分鐘,"女教師,數位馬賽克,中出,高畫質,出軌,單體作品,DMM獨家",2016-04-30,,PGD-864,,/pics/cover/5g6l_b.jpg
0be39259-19cc-4150-add3-2b73d44fe691,95b5257d-209a-40cb-912d-e15cc1ecc917,START-315,jav_sources,25,1785064579835,START-315 職場でもお構いなしにバレたらヤバい場所で涙目イラマ 年下部下を沼らせる喉奥性感帯のシゴデキ女主任 彩月七緒,,,彩月七緒,127分鐘,"OL,口交,深喉,高畫質,巨乳,單體作品,4K",2025-04-29,,START-315,,/pics/cover/bbm2_b.jpg
e43f9e50-7192-418e-9541-fb3163128bd1,95b5257d-209a-40cb-912d-e15cc1ecc917,JUL-887,jav_sources,25,1785064581397,JUL-887 私の自慢の嫁ちゃんを晒します。 《専属》スーパー美魔女の初『晒し』！！ 愛弓りょう,,,愛弓りょう,150分鐘,"成熟的女人,已婚婦女,數位馬賽克,中出,高畫質,出軌,巨乳,單體作品,DMM獨家",2022-03-04,,JUL-887,,/pics/cover/8sn3_b.jpg
7280a5e4-1f6d-4f1e-b768-70c1d3dfd6de,95b5257d-209a-40cb-912d-e15cc1ecc917,WANZ-265,jav_sources,25,1785064583006,WANZ-265 ランジェリーナ 沖田杏梨,,,沖田杏梨,120分鐘,"姐姐,中出,DVD多士爐,高畫質,巨乳,單體作品,DMM獨家,內衣",2014-11-29,,WANZ-265,,/pics/cover/4jga_b.jpg
3629d4fc-be80-4e6f-924e-12a0f20a8a66,95b5257d-209a-40cb-912d-e15cc1ecc917,MIAA-968,jav_sources,25,1785064584602,MIAA-968 学生バイトに媚薬を飲ませ1日24発射精（だ）させるセックスモンスター痴女コンビニ人妻不倫 新村あかり,,,新村あかり,120分鐘,"蕩婦,已婚婦女,花癡,中出,高畫質,單體作品,DMM獨家,吞精",2023-09-15,,MIAA-968,,/pics/cover/9xd4_b.jpg
6cd8c9ce-d62d-48ac-b66c-33c7104c7f9d,95b5257d-209a-40cb-912d-e15cc1ecc917,IPVR-050,jav_sources,25,1785064586189,IPVR-050 【VR】生脚よりも100倍エロい！！ 美脚パンストマニアックスVR 顔面・股間にパンスト美脚をスリスリシコシコ！画面越しにも匂い・質感が伝わるパンストフェチアングル！ 楓カレン,,,楓カレン,69分鐘,"連褲襪,戀腿癖,足交,VR専用,ハイクオリティVR,單體作品,DMM獨家",2019-12-03,,IPVR-050,,/pics/cover/7fhe_b.jpg
af02acd4-b048-415d-9640-aa02f3cf3fb6,95b5257d-209a-40cb-912d-e15cc1ecc917,IPX-540,jav_sources,25,1785064587767,IPX-540 尻辱オフィス 私、尻マニアの変態上司に毎日セクハラ残業させられてます。 明里つむぎ,,,明里つむぎ,150分鐘,"連褲襪,屁股,美少女,數位馬賽克,高畫質,單體作品,DMM獨家,肛交",2020-09-12,,IPX-540,,/pics/cover/7ugp_b.jpg
7413b3f8-b60b-43dd-96f2-2ac495c8c225,95b5257d-209a-40cb-912d-e15cc1ecc917,ABW-296,jav_sources,25,1785064589355,ABW-296 何もない田舎で幼馴染と、汗だく濃厚SEXするだけの毎日。 case.03 涼森れむ【MGSだけのおまけ映像付き+15分】,,,涼森れむ,145分鐘,"苗條,汗だく,巨乳,單體作品,フルハイビジョン(FHD),MGSだけのおまけ映像付き",2022-11-11,,ABW-296,,/pics/cover/9d59_b.jpg
48a0908e-be0c-4400-9a0a-4e3bcfd31a91,95b5257d-209a-40cb-912d-e15cc1ecc917,MIDE-970,jav_sources,25,1785064590930,MIDE-970 真面目で内気な部下が淫乱豹変ケダモノ相部屋 イクイク淫語でデカチン挑発喰い逆NTR 七沢みあ,,,七沢みあ,120分鐘,"蕩婦,淫語,美少女,數位馬賽克,高畫質,出軌,M男,單體作品,DMM獨家",2021-09-17,,MIDE-970,,/pics/cover/8fp4_b.jpg
6dedaece-3809-407c-be86-810d63ddc25b,95b5257d-209a-40cb-912d-e15cc1ecc917,ABP-415,jav_sources,25,1785064592531,ABP-415 エンドレスセックス 鈴村あいり,,,鈴村あいり,165分鐘,"口交,多P,舔陰,高畫質,單體作品",2015-12-30,,ABP-415,,/pics/cover/59vw_b.jpg
525c4639-2f21-4e91-87b9-13d56eea7cbe,95b5257d-209a-40cb-912d-e15cc1ecc917,LAFBD-41,jav_sources,25,1785064594111,LAFBD-41 ラフォーレ ガール Vol.41 天使と悪魔 : 大橋未久 (ブルーレイ版),,,大橋未久,110分鐘,,2015-01-09,"//poweredby.jads.co/js/jads.js"">",LAFBD-41,,/imgs/cover/d7l_b.jpg
7a1bd651-83b3-417d-9dd7-537e6fa06080,95b5257d-209a-40cb-912d-e15cc1ecc917,SMBD-115,jav_sources,25,1785064595695,SMBD-115 S Model 115 恥辱の中出し授業 : 大橋未久 (ブルーレイディスク版),,,大橋未久,110分鐘,,2014-12-05,"//poweredby.jads.co/js/jads.js"">",SMBD-115,,/imgs/cover/d37_b.jpg
6a58038e-6bd6-459f-a830-ad1e08d026d0,95b5257d-209a-40cb-912d-e15cc1ecc917,CWPBD-120,jav_sources,25,1785064597291,CWPBD-120 キャットウォーク ポイズン 120 ついに!! 引退 : 大橋未久 (ブルーレイ版),,,大橋未久,110分鐘,,2015-02-10,"//poweredby.jads.co/js/jads.js"">",CWPBD-120,,/imgs/cover/ddd_b.jpg
0a883e41-a048-4ea8-841d-a5b373c36ced,95b5257d-209a-40cb-912d-e15cc1ecc917,SMD-115,jav_sources,25,1785064598865,SMD-115 S Model 115 恥辱の中出し授業 : 大橋未久,,,大橋未久,110分鐘,,2014-12-05,"//poweredby.jads.co/js/jads.js"">",SMD-115,,/imgs/cover/d36_b.jpg
93a4d814-dc8e-45e2-ab8d-607c04929948,95b5257d-209a-40cb-912d-e15cc1ecc917,121914-760,jav_sources,0,1785064600442,,,,,,,,,121914-760,,
31ab20fe-1bd0-4852-9b3f-46a5f5a5477a,95b5257d-209a-40cb-912d-e15cc1ecc917,LAF-41,jav_sources,25,1785064601697,LAF-41 ラフォーレ ガール Vol.41 天使と悪魔 : 大橋未久,,,大橋未久,110分鐘,,2015-01-09,"//poweredby.jads.co/js/jads.js"">",LAF-41,,/imgs/cover/d7k_b.jpg
e29cf32c-5fd4-409e-86d4-772b4245ca0c,95b5257d-209a-40cb-912d-e15cc1ecc917,SMBD-136,jav_sources,25,1785064603272,SMBD-136 S Model 136 永久保存版発売記念BEST 3HR : 大橋未久 (ブルーレイディスク版),,,,180分鐘,,2015-07-23,"//poweredby.jads.co/js/jads.js"">",SMBD-136,,/imgs/cover/vyw_b.jpg
0824331b-7b61-4a3f-8539-856f6a4dcef1,95b5257d-209a-40cb-912d-e15cc1ecc917,MKBD-S03,jav_sources,0,1785064604848,,,,,,,,,MKBD-S03,,
aa529821-3a7d-4b39-a5cf-afb6ad18125d,95b5257d-209a-40cb-912d-e15cc1ecc917,010115,jav_sources,0,1785064606098,,,,,,,,,010115,,
abe928c2-2813-4d0b-96c0-a0d7ab240d9b,95b5257d-209a-40cb-912d-e15cc1ecc917,HEYZO-0783,jav_sources,25,1785064607336,HEYZO-0783 大橋未久 続々生中～色白美肌美人を徹底的に責める～,,,大橋未久,60分鐘,"手淫,內射,乳交,69,凌辱,騎乘位,後入,連續內射",2015-01-17,"//www.javbus.com/uncensored/genre/gre090"">手淫",HEYZO-0783,,/imgs/cover/dbv_b.jpg
9271bd7e-0dfc-4db1-8209-81b178714f5a,95b5257d-209a-40cb-912d-e15cc1ecc917,CWP-120,jav_sources,25,1785064608916,CWP-120 キャットウォーク ポイズン 120 ついに!! 引退 : 大橋未久,,,大橋未久,110分鐘,,2015-02-10,"//poweredby.jads.co/js/jads.js"">",CWP-120,,/imgs/cover/ddc_b.jpg
deb55817-c186-40ba-800b-ac6403389054,95b5257d-209a-40cb-912d-e15cc1ecc917,MKBD-S89,jav_sources,0,1785064610486,,,,,,,,,MKBD-S89,,
45a86cbe-ad60-4cf4-9182-83099e87e153,95b5257d-209a-40cb-912d-e15cc1ecc917,HEYZO-1031,jav_sources,25,1785064675568,HEYZO-1031 白咲碧【しろさきあおい】 試着がてらに試SEX！,,,白咲碧,60分鐘,"舔陰,內射,69,騎乘位,後入,店員,指法,購物,牛仔褲,短褲",2015-12-16,"//www.javbus.com/uncensored/genre/i"">舔陰",HEYZO-1031,,/imgs/cover/wvz_b.jpg
60b1072b-1b2d-46eb-ac9d-b100e10235c3,95b5257d-209a-40cb-912d-e15cc1ecc917,SMBD-108,jav_sources,25,1785064677172,SMBD-108 S Model S Model 108 真性中出し名場面集 : 佳苗るか (ブルーレイディスク版),,,佳苗るか,150分鐘,,2014-09-18,"//poweredby.jads.co/js/jads.js"">",SMBD-108,,/imgs/cover/crf_b.jpg
0df9ff89-4d2f-486d-bfae-09a0fbf95e8d,95b5257d-209a-40cb-912d-e15cc1ecc917,SKY-247,jav_sources,25,1785064678742,SKY-247 ゴールドエンジェル Vol.22 : 中野ありさ,,,中野ありさ,110分鐘,,2012-11-08,"//poweredby.jads.co/js/jads.js"">",SKY-247,,/imgs/cover/3pp_b.jpg
ef04ef07-4245-4a8f-89db-b50c5fe9780a,95b5257d-209a-40cb-912d-e15cc1ecc917,SMD-136,jav_sources,25,1785064680335,SMD-136 S Model 136 永久保存版発売記念BEST 3HR : 大橋未久,,,,180分鐘,,2015-07-23,"//poweredby.jads.co/js/jads.js"">",SMD-136,,/imgs/cover/vyx_b.jpg
e22fb869-b541-4a8a-9b26-411319f2076c,95b5257d-209a-40cb-912d-e15cc1ecc917,092415,jav_sources,0,1785064682059,,,,,,,,,092415,,
f6b25ed2-4a08-46bb-a4dc-29defe12abf0,95b5257d-209a-40cb-912d-e15cc1ecc917,SKYHD-084,jav_sources,25,1785064683308,SKYHD-084 スカイエンジェル ブルー Vol.84 : 中野ありさ (ブルーレイディスク版),,,中野ありさ,120分鐘,,2012-09-10,"//poweredby.jads.co/js/jads.js"">",SKYHD-084,,/imgs/cover/3n6_b.jpg
a3f0f53c-ce7a-437c-86ac-7670ba7f0b90,95b5257d-209a-40cb-912d-e15cc1ecc917,MKBD-S94,jav_sources,0,1785064684880,,,,,,,,,MKBD-S94,,
0bd53d02-7401-45e5-900f-61de43ff3179,95b5257d-209a-40cb-912d-e15cc1ecc917,MKBD-S127,jav_sources,0,1785064686151,,,,,,,,,MKBD-S127,,
a486c606-f1ed-46c9-8a17-a274014cedf0,95b5257d-209a-40cb-912d-e15cc1ecc917,CWPBD-138,jav_sources,25,1785064687427,CWPBD-138 キャットウォーク ポイズン 138 【極上艶女】ねっとりとしたやらしいセックス : 波多野結衣 (ブルーレイ版),,,波多野結衣,120分鐘,,2015-11-07,"//poweredby.jads.co/js/jads.js"">",CWPBD-138,,/imgs/cover/wkk_b.jpg
220b172a-595b-4ae5-aec5-4a262b53ca5e,95b5257d-209a-40cb-912d-e15cc1ecc917,012318-589,jav_sources,0,1785064688991,,,,,,,,,012318-589,,
941c576e-cd57-4761-a7c8-e7a0c9305832,95b5257d-209a-40cb-912d-e15cc1ecc917,CWPBD-99,jav_sources,25,1785064690245,CWPBD-99 キャットウォーク ポイズン 99 妹のお尻が神すぎるので掴んで中出ししちゃいました。 :  篠田ゆう (ブルーレイ版),,,篠田ゆう,110分鐘,,2014-01-11,"//poweredby.jads.co/js/jads.js"">",CWPBD-99,,/imgs/cover/47z_b.jpg
c8be128c-bb29-4568-ae80-c78a284535fc,95b5257d-209a-40cb-912d-e15cc1ecc917,032715,jav_sources,0,1785064691814,,,,,,,,,032715,,
12d730a4-fd61-4dbb-8d6a-a8c1e05df0ab,95b5257d-209a-40cb-912d-e15cc1ecc917,n0659,jav_sources,0,1785064693048,,,,,,,,,n0659,,
b06a0472-b2c1-47de-a920-49f2094762f0,95b5257d-209a-40cb-912d-e15cc1ecc917,SKYHD-088,jav_sources,25,1785064755007,SKYHD-088 スカイエンジェル ブルー Vol.88 : 中野ありさ (ブルーレイディスク版),,,中野ありさ,120分鐘,,2012-11-08,"//poweredby.jads.co/js/jads.js"">",SKYHD-088,,/imgs/cover/3pq_b.jpg
96591ea2-fe72-4549-af97-b36c9441cbd2,95b5257d-209a-40cb-912d-e15cc1ecc917,EMP-002,jav_sources,25,1785064756598,EMP-002 エンパイア Vol.2 ～濃厚ぶっかけHARDファック ～ : 一ノ瀬アメリ,,,一ノ瀬アメリ,110分鐘,,2012-07-19,"//poweredby.jads.co/js/jads.js"">",EMP-002,,/imgs/cover/3kn_b.jpg
14e4c56a-baf1-4f99-b4ab-718355e4c69d,95b5257d-209a-40cb-912d-e15cc1ecc917,MKD-S127,jav_sources,0,1785064758189,,,,,,,,,MKD-S127,,
f211954f-094b-468c-8435-74f75f5e7713,95b5257d-209a-40cb-912d-e15cc1ecc917,040415-846,jav_sources,0,1785064759431,,,,,,,,,040415-846,,
afc606ed-ed0b-4af7-988f-a503a364cc40,95b5257d-209a-40cb-912d-e15cc1ecc917,MKBD-S77,jav_sources,0,1785064760694,,,,,,,,,MKBD-S77,,
e31659b5-4caa-4898-9ee6-ec1e1f75ead1,95b5257d-209a-40cb-912d-e15cc1ecc917,CWPBD-126,jav_sources,25,1785064761952,CWPBD-126 キャットウォーク ポイズン 126 【ハイスペック美女】ジャポルノ電撃降臨 : 立花美涼 (ブルーレイ版),,,立花美涼,110分鐘,,2015-06-08,"//poweredby.jads.co/js/jads.js"">",CWPBD-126,,/imgs/cover/vrf_b.jpg
b41e0ab3-8955-4724-a4b8-ad25b5764501,95b5257d-209a-40cb-912d-e15cc1ecc917,CWPBD-104,jav_sources,25,1785064763520,CWPBD-104 キャットウォーク ポイズン 104 やはり僕の妹がスケベ過ぎる!! : 佳苗るか (ブルーレイ版),,,佳苗るか,110分鐘,,2014-04-03,"//poweredby.jads.co/js/jads.js"">",CWPBD-104,,/imgs/cover/98z_b.jpg
ac8e9c74-5bc0-4173-bf11-f6319cc5e050,95b5257d-209a-40cb-912d-e15cc1ecc917,S2MBD-050,jav_sources,0,1785064765081,,,,,,,,,S2MBD-050,,
41b1f96c-5055-4fe4-b21d-2a0a0b4a1e05,95b5257d-209a-40cb-912d-e15cc1ecc917,n0646,jav_sources,0,1785064766343,,,,,,,,,n0646,,
1b29f4c7-6c7e-4d5a-964e-7c3590a4cfc4,95b5257d-209a-40cb-912d-e15cc1ecc917,n1042,jav_sources,0,1785064767600,,,,,,,,,n1042,,
f1131769-f5ea-4744-8605-e14896dd4b4a,95b5257d-209a-40cb-912d-e15cc1ecc917,052716-172,jav_sources,0,1785064768854,,,,,,,,,052716-172,,
5b204c29-aefe-4fb5-9553-33df8bf14564,95b5257d-209a-40cb-912d-e15cc1ecc917,MKD-S03,jav_sources,0,1785064770123,,,,,,,,,MKD-S03,,
93fd5a24-cea0-4475-9a41-b03f3efb13c0,95b5257d-209a-40cb-912d-e15cc1ecc917,n0417,jav_sources,0,1785064771384,,,,,,,,,n0417,,
7f228743-4dfb-44e6-9dc2-d1ad8013391e,95b5257d-209a-40cb-912d-e15cc1ecc917,CWPBD-46,jav_sources,25,1785064772654,CWPBD-46 キャットウォーク ポイズン 46 : 一ノ瀬アメリ (ブルーレイ版),,,一ノ瀬アメリ,110分鐘,,2011-07-15,"//poweredby.jads.co/js/jads.js"">",CWPBD-46,,/imgs/cover/357_b.jpg
d2c8486c-a5a8-4617-ae7f-0e22df778bd4,95b5257d-209a-40cb-912d-e15cc1ecc917,SMBD-55,jav_sources,25,1785064774243,SMBD-55 S Model 55 : 長澤あずさ (ブルーレイディスク版),,,長澤あずさ,180分鐘,,2012-04-17,"//poweredby.jads.co/js/jads.js"">",SMBD-55,,/imgs/cover/3gw_b.jpg
0caf4a9c-a5db-4dda-a306-cf25565245d4,95b5257d-209a-40cb-912d-e15cc1ecc917,MKD-S89,jav_sources,0,1785064775820,,,,,,,,,MKD-S89,,
aa1c90e2-9f63-43b4-ad90-7d2415cc0f50,95b5257d-209a-40cb-912d-e15cc1ecc917,n1049,jav_sources,0,1785064777073,,,,,,,,,n1049,,
112707ed-1608-4627-9d82-31ad0fb9b1f2,95b5257d-209a-40cb-912d-e15cc1ecc917,MKBD-S118,jav_sources,0,1785064778311,,,,,,,,,MKBD-S118,,
f0d57f0f-22ae-4df3-9d01-8896bee4fc05,95b5257d-209a-40cb-912d-e15cc1ecc917,042817-420,jav_sources,0,1785064779550,,,,,,,,,042817-420,,
6e799fdb-41a4-4100-ba83-a61ce82a14c6,95b5257d-209a-40cb-912d-e15cc1ecc917,CWPBD-112,jav_sources,25,1785064780795,CWPBD-112 キャットウォーク ポイズン 112 中出し降臨 解放された性欲 : 赤井美月 (ブルーレイ版),,,赤井美月,110分鐘,,2014-09-11,"//poweredby.jads.co/js/jads.js"">",CWPBD-112,,/imgs/cover/cqf_b.jpg
eed88420-d533-4706-bae2-eb63746a0053,95b5257d-209a-40cb-912d-e15cc1ecc917,n0536,jav_sources,0,1785064782544,,,,,,,,,n0536,,
4212bc09-7f14-4e16-b5d3-aca32fcd6ee4,95b5257d-209a-40cb-912d-e15cc1ecc917,SMBD-126,jav_sources,25,1785064844497,SMBD-126 S Model 126 清楚な妻の真実 : みづなれい (ブルーレイディスク版),,,みづなれい,110分鐘,,2015-04-07,"//poweredby.jads.co/js/jads.js"">",SMBD-126,,/imgs/cover/ngg_b.jpg
c357daa0-d240-4467-a002-5161c8b96085,95b5257d-209a-40cb-912d-e15cc1ecc917,021015-803,jav_sources,0,1785064846075,,,,,,,,,021015-803,,
4f62d053-9f44-4c78-ae3f-e23c6773c901,95b5257d-209a-40cb-912d-e15cc1ecc917,021014-540,jav_sources,0,1785064847343,,,,,,,,,021014-540,,
697dbdd5-94eb-464c-a982-d2ec09338d3c,95b5257d-209a-40cb-912d-e15cc1ecc917,S2MBD-047,jav_sources,0,1785064848609,,,,,,,,,S2MBD-047,,
dc62e119-68ca-49a1-8842-4c898910d000,95b5257d-209a-40cb-912d-e15cc1ecc917,HEYZO-1048,jav_sources,25,1785064849873,HEYZO-1048 波多野結衣【はたのゆい】 アフター6～好色極上美人OL～,,,波多野結衣,60分鐘,"舔陰,內射,69,騎乘位,後入,酒店,連褲襪,騎在臉上,指法,站立位,打底褲",2016-01-02,"//www.javbus.com/uncensored/genre/i"">舔陰",HEYZO-1048,,/imgs/cover/wzk_b.jpg
97e0fa77-7961-40e0-a473-ba4f8d97adf4,95b5257d-209a-40cb-912d-e15cc1ecc917,062212-055,jav_sources,0,1785064852444,,,,,,,,,062212-055,,
e9fe72af-2a71-482c-98df-0ded9864783d,95b5257d-209a-40cb-912d-e15cc1ecc917,120614-753,jav_sources,0,1785064853703,,,,,,,,,120614-753,,
1d01b709-28c7-41de-888b-166fda5b2912,95b5257d-209a-40cb-912d-e15cc1ecc917,n1004,jav_sources,0,1785064854994,,,,,,,,,n1004,,
20c47c69-23f2-4e4d-96a1-6180542815ec,95b5257d-209a-40cb-912d-e15cc1ecc917,SKYHD-137,jav_sources,25,1785064856332,SKYHD-137 スカイエンジェル ブルー 濃縮 : 波多野結衣 (ブルーレイディスク版),,,波多野結衣,180分鐘,,2014-07-23,"//poweredby.jads.co/js/jads.js"">",SKYHD-137,,/imgs/cover/clv_b.jpg
56c5af05-8a67-440e-83fc-f1188762489f,95b5257d-209a-40cb-912d-e15cc1ecc917,n0641,jav_sources,0,1785064857949,,,,,,,,,n0641,,
f1f17ce3-a3dc-4658-a281-52f63fd38312,95b5257d-209a-40cb-912d-e15cc1ecc917,122813-509,jav_sources,0,1785064859193,,,,,,,,,122813-509,,
e0b6aec6-18df-4db9-bbb7-9cf8a2f886e7,95b5257d-209a-40cb-912d-e15cc1ecc917,legsjapan-984,jav_sources,0,1785064860446,,,,,,,,,legsjapan-984,,
0ac65e8e-826a-4b75-a521-88793e059050,95b5257d-209a-40cb-912d-e15cc1ecc917,HEYZO-0356,jav_sources,25,1785064861700,HEYZO-0356 北条麻妃 横山みれい 朝桐光 高級会員制クラブ『雅』3 前編～妖艶な美魔女たちによる至極のおもてなし～,,,"北条麻妃,朝桐光,横山みれい",60分鐘,"亂交,內射,乳交,69,騎乘位,後入,不忠,小姐",2013-06-29,"//www.javbus.com/uncensored/genre/gre093"">亂交",HEYZO-0356,,/imgs/cover/c67_b.jpg
777b19d0-652d-4cb2-b86c-4a9a4d289d06,95b5257d-209a-40cb-912d-e15cc1ecc917,021316,jav_sources,0,1785064863300,,,,,,,,,021316,,
e6126122-eb82-4d4f-b9bc-ea66cbc9bc67,95b5257d-209a-40cb-912d-e15cc1ecc917,FZ77,jav_sources,0,1785064864563,,,,,,,,,FZ77,,
8a9ba8e9-08bd-44bc-93f2-30a0c8124ba3,95b5257d-209a-40cb-912d-e15cc1ecc917,CWPBD-117,jav_sources,25,1785064865882,CWPBD-117 キャットウォーク ポイズン 117 パコパコ温泉中出しどうでしょう : 川村まや (ブルーレイ版),,,川村まや,110分鐘,,2015-01-06,"//poweredby.jads.co/js/jads.js"">",CWPBD-117,,/imgs/cover/d78_b.jpg
54b65c5c-1ccb-4178-a1b7-47dfdb2a1ea5,95b5257d-209a-40cb-912d-e15cc1ecc917,SKYHD-087,jav_sources,25,1785064867669,SKYHD-087 スカイエンジェル ブルー Vol.87 : 波多野結衣 (ブルーレイディスク版),,,波多野結衣,130分鐘,,2012-11-06,"//poweredby.jads.co/js/jads.js"">",SKYHD-087,,/imgs/cover/3pg_b.jpg
d5911c47-74b8-4ddb-80bb-744f221fc375,95b5257d-209a-40cb-912d-e15cc1ecc917,011015-780,jav_sources,0,1785064869295,,,,,,,,,011015-780,,
709a12a5-c729-4770-a2a7-1284ae4b4439,95b5257d-209a-40cb-912d-e15cc1ecc917,072013-387,jav_sources,0,1785064870552,,,,,,,,,072013-387,,
0c3b10d3-fd8a-4be6-97ce-a8f2327628fa,95b5257d-209a-40cb-912d-e15cc1ecc917,HEYZO-0629,jav_sources,25,1785064932538,HEYZO-0629 佳苗るか 妄想実現！佳苗るかのレンタルガール～デリヘル＆お嫁さん編～,,,佳苗るか,60分鐘,"內射,69,騎乘位,後入,口內射精,視訊小姐",2014-06-27,"//www.javbus.com/uncensored/genre/gre084"">內射",HEYZO-0629,,/imgs/cover/cjb_b.jpg
8d6cde99-a375-4ab6-803e-dd907f006d57,95b5257d-209a-40cb-912d-e15cc1ecc917,SKY-250,jav_sources,25,1785064934146,SKY-250 好色妻降臨 Vol.33 : 飯岡かなこ,,,飯岡かなこ,110分鐘,,2012-12-13,"//poweredby.jads.co/js/jads.js"">",SKY-250,,/imgs/cover/3r5_b.jpg
e5ac81a1-a744-461c-ab69-fec413b80793,95b5257d-209a-40cb-912d-e15cc1ecc917,HEYZO-0746,jav_sources,25,1785064935728,HEYZO-0746 星咲優菜 狂乱爆乳秘書～会議中に欲情する不埒な女～,,,星咲優菜,60分鐘,"亂交,內射,痴女,乳交,潮吹,白領,角色扮演,顏射,變態,騎乘位,後入,多P,淫亂,公司,秘書",2014-12-11,"//www.javbus.com/uncensored/genre/gre093"">亂交",HEYZO-0746,,/imgs/cover/d6f_b.jpg
dae26960-9968-4e3c-a87d-ecf12bd1b32c,95b5257d-209a-40cb-912d-e15cc1ecc917,n0762,jav_sources,0,1785064937335,,,,,,,,,n0762,,
25133cb8-55f5-4f45-938f-8d6cf657d77e,95b5257d-209a-40cb-912d-e15cc1ecc917,122218,jav_sources,0,1785064938598,,,,,,,,,122218,,
dbcd5279-6397-48a9-be0c-1a5c93670839,95b5257d-209a-40cb-912d-e15cc1ecc917,n1161,jav_sources,0,1785064939846,,,,,,,,,n1161,,
4f41e865-570b-43d8-b319-d4d423f829fa,95b5257d-209a-40cb-912d-e15cc1ecc917,RHJ-311,jav_sources,25,1785064941110,RHJ-311 レッドホットジャム Vol.311 僕たちだけのスク水奴隷 : 尾野真知子,,,尾野真知子,120分鐘,,2013-11-13,"//poweredby.jads.co/js/jads.js"">",RHJ-311,,/imgs/cover/44w_b.jpg
2e9a4618-0135-4bbc-b412-416d542dcd2f,95b5257d-209a-40cb-912d-e15cc1ecc917,080213,jav_sources,0,1785064942714,,,,,,,,,080213,,
3a51335d-b880-45fa-8a63-64b040c61940,95b5257d-209a-40cb-912d-e15cc1ecc917,MCDV-01,jav_sources,25,1785064943992,MCDV-01 メルシーボークー DV 01 国宝級のおっぱい全裸家政婦 : 立川理恵,,,立川理恵,110分鐘,,2013-10-14,"//poweredby.jads.co/js/jads.js"">",MCDV-01,,/imgs/cover/43h_b.jpg
72401985-b809-461f-a79d-d23607eed516,95b5257d-209a-40cb-912d-e15cc1ecc917,HEYZO-1660,jav_sources,25,1785064945585,HEYZO-1660 立花瑠莉【たちばなるり】 続々生中～快感にのけぞる絶品ボディ～ - アダルト動画 HEYZO,,,,60分鐘,,2018-02-03,"//poweredby.jads.co/js/jads.js"">",HEYZO-1660,,/imgs/cover/11i0_b.jpg
db815a1b-5e67-46ea-92cc-5f368b1167bc,95b5257d-209a-40cb-912d-e15cc1ecc917,n1063,jav_sources,0,1785064947182,,,,,,,,,n1063,,
81fd6696-bd2a-44e4-a216-aa9a268b5c20,95b5257d-209a-40cb-912d-e15cc1ecc917,n1136,jav_sources,0,1785064948445,,,,,,,,,n1136,,
2f2926f6-eb6f-4dce-af8b-98b55ef38fec,95b5257d-209a-40cb-912d-e15cc1ecc917,n0675,jav_sources,0,1785064949703,,,,,,,,,n0675,,
a8952fb4-64bb-46c6-a28d-8cc5b81c3615,95b5257d-209a-40cb-912d-e15cc1ecc917,SKYHD-100,jav_sources,25,1785064950963,SKYHD-100 スカイエンジェル ブルー Vol.100 : 中野ありさ (ブルーレイディスク版),,,中野ありさ,120分鐘,,2013-04-23,"//poweredby.jads.co/js/jads.js"">",SKYHD-100,,/imgs/cover/3wc_b.jpg
bf08ddd3-8c9f-4b98-bca0-679634abdd6c,95b5257d-209a-40cb-912d-e15cc1ecc917,RED197,jav_sources,25,1785064952541,RED-197 レッドホットフェティッシュコレクション Vol.111 : 美咲結衣,,,美咲結衣,59分鐘,"振動,口交,舔陰,內射,潮吹,肛門,吞精,變態,電動按摩器,風格出眾,F罩杯,性感,潮吹,多P,高潮,吸精,肛射,肛交,痙攣,吸精,屁股,玩具,電動按摩器,綁縛,二穴同入",2017-09-26,"//www.javbus.com/uncensored/genre/6"">振動",RED197,,/imgs/cover/10y4_b.jpg
b410c60a-78ef-4eb2-a88a-dac78165d6d8,95b5257d-209a-40cb-912d-e15cc1ecc917,030315-819,jav_sources,0,1785064954142,,,,,,,,,030315-819,,
b5b59848-82c5-4835-9664-1fc5affac494,95b5257d-209a-40cb-912d-e15cc1ecc917,SMBD-172,jav_sources,25,1785064955400,SMBD-172 S Model 172 オフィスレディーの社内交尾 : 丘咲エミリ (ブルーレイディスク版),,,丘咲エミリ,120分鐘,"騎在臉上,後入,美穴,美乳,美臀,內射,美人,騎乘位,職員,S級女優,推薦作品,剃毛,苗條,站立位,美肌,69",2017-04-27,"//www.javbus.com/uncensored/genre/gre099"">騎在臉上",SMBD-172,,/imgs/cover/103i_b.jpg
a0d198f8-128a-4065-9062-7803668bf80a,95b5257d-209a-40cb-912d-e15cc1ecc917,091416,jav_sources,0,1785064956965,,,,,,,,,091416,,
06208ddf-5437-4c0a-a3e3-c4413eb7ddce,95b5257d-209a-40cb-912d-e15cc1ecc917,101218-771,jav_sources,0,1785064958218,,,,,,,,,101218-771,,
761a266d-f405-41d0-82b8-ad930614b0cb,95b5257d-209a-40cb-912d-e15cc1ecc917,122713-508,jav_sources,0,1785065020247,,,,,,,,,122713-508,,
417cfc26-d689-49d1-a905-86589e4b2617,95b5257d-209a-40cb-912d-e15cc1ecc917,SKYHD-104,jav_sources,25,1785065021501,SKYHD-104 スカイエンジェル ブルー Vol.104 : 波多野結衣 (ブルーレイディスク版),,,波多野結衣,120分鐘,,2013-06-11,"//poweredby.jads.co/js/jads.js"">",SKYHD-104,,/imgs/cover/3y4_b.jpg
793e3a44-18db-4af9-bd4a-b3904702da16,95b5257d-209a-40cb-912d-e15cc1ecc917,HEYZO-1199,jav_sources,25,1785065023094,HEYZO-1199 希咲あや【きさきあや】 他人妻味～スレンダー美人妻の鬱屈～,,,希咲あや,60分鐘,"舔陰,手淫,自慰,內射,69,騎乘位,後入,不忠,人妻,指法,摩擦",2016-06-28,"//www.javbus.com/uncensored/genre/i"">舔陰",HEYZO-1199,,/imgs/cover/ykx_b.jpg
cea0225d-7117-47f5-986d-f89c7440f5be,95b5257d-209a-40cb-912d-e15cc1ecc917,CWPBD-106,jav_sources,25,1785065024702,CWPBD-106 キャットウォーク ポイズン 106 濡れヌルお姉さん : 百合川さら (ブルーレイ版),,,百合川さら,110分鐘,,2014-06-06,"//poweredby.jads.co/js/jads.js"">",CWPBD-106,,/imgs/cover/cde_b.jpg
d890b306-f5e9-4ace-be1b-7a4a55e8bf77,95b5257d-209a-40cb-912d-e15cc1ecc917,n0780,jav_sources,0,1785065026279,,,,,,,,,n0780,,
dbba279e-fb58-45df-8aa9-b18422d083f7,95b5257d-209a-40cb-912d-e15cc1ecc917,LAFBD-53,jav_sources,25,1785065027517,LAFBD-53 ラフォーレ ガール Vol.53 いいなり奴隷妻 : 波多野結衣 (ブルーレイ版),,,波多野結衣,110分鐘,,2015-06-19,"//poweredby.jads.co/js/jads.js"">",LAFBD-53,,/imgs/cover/vsw_b.jpg
2d5510bc-3a0e-463a-97e4-ffff67bae0dd,95b5257d-209a-40cb-912d-e15cc1ecc917,032809,jav_sources,0,1785065029098,,,,,,,,,032809,,
dbca5b8c-26f4-427f-95df-ec876831edda,95b5257d-209a-40cb-912d-e15cc1ecc917,042018-644,jav_sources,0,1785065030359,,,,,,,,,042018-644,,
4aab8923-63b6-48e3-8159-dba0c0e268fd,95b5257d-209a-40cb-912d-e15cc1ecc917,CWP-99,jav_sources,25,1785065031621,CWP-99 キャットウォーク ポイズン 99 妹のお尻が神すぎるので掴んで中出ししちゃいました。 :  篠田ゆう,,,篠田ゆう,110分鐘,,2014-01-11,"//poweredby.jads.co/js/jads.js"">",CWP-99,,/imgs/cover/47y_b.jpg
8ddf0708-b8a0-46f5-bd76-8d8495e97b3c,95b5257d-209a-40cb-912d-e15cc1ecc917,SKY-244,jav_sources,25,1785065033208,SKY-244 ゴールドエンジェル Vol.21 : 朝桐光,,,朝桐光,110分鐘,,2012-10-18,"//poweredby.jads.co/js/jads.js"">",SKY-244,,/imgs/cover/3ov_b.jpg
9ce8dad6-bc73-4890-a7ef-6316e40c8ae2,95b5257d-209a-40cb-912d-e15cc1ecc917,CWP-138,jav_sources,25,1785065034787,CWP-138 キャットウォーク ポイズン 138 【極上艶女】ねっとりとしたやらしいセックス : 波多野結衣,,,波多野結衣,120分鐘,,2015-11-07,"//poweredby.jads.co/js/jads.js"">",CWP-138,,/imgs/cover/wki_b.jpg
049784b6-0f5f-49b9-b40b-0f289bcc5c72,95b5257d-209a-40cb-912d-e15cc1ecc917,SMBD-110,jav_sources,25,1785065036370,SMBD-110 S Model 110 オーバーサイズBlack Fuck 激カワアナルメイド : 小西まりえ (ブルーレイディスク版),,,小西まりえ,110分鐘,,2014-10-11,"//poweredby.jads.co/js/jads.js"">",SMBD-110,,/imgs/cover/cvf_b.jpg
76d2c758-ee7c-4235-bdbf-42823ae902e7,95b5257d-209a-40cb-912d-e15cc1ecc917,n0521,jav_sources,0,1785065037961,,,,,,,,,n0521,,
c93f0860-c3f9-4074-bada-ac56f74bfb68,95b5257d-209a-40cb-912d-e15cc1ecc917,SKYHD-019,jav_sources,25,1785065039221,"SKYHD-019 スカイエンジェル ブルー Vol.19 (ブルーレイディスク版) : 遥めい, 小泉梨菜",,,"小泉梨菜,遥めい",148分鐘,,2009-08-12,"//poweredby.jads.co/js/jads.js"">",SKYHD-019,,/imgs/cover/vb8_b.jpg
3e4c90de-f37f-453b-82e0-d7ffa0004ac8,95b5257d-209a-40cb-912d-e15cc1ecc917,n1180,jav_sources,0,1785065040793,,,,,,,,,n1180,,
0e32559c-70e5-44f1-b9e0-2262fc847404,95b5257d-209a-40cb-912d-e15cc1ecc917,CWPBD-152,jav_sources,25,1785065042077,CWPBD-152 キャットウォーク ポイズン 152 無敵の無修正GIRL : 丘咲エミリ (ブルーレイ版),,,丘咲エミリ,120分鐘,"奴役,口內射精,美穴,口交,手銬,內射,美人,騎乘位,推薦作品,電動按摩器,苗條,舔肛,後入,美肌,姐姐",2017-01-12,"//www.javbus.com/uncensored/genre/28"">奴役",CWPBD-152,,/imgs/cover/zkk_b.jpg
c0fbe5d2-d115-41c0-b4aa-2076414ff29d,95b5257d-209a-40cb-912d-e15cc1ecc917,CWPBD-123,jav_sources,25,1785065043761,CWPBD-123 キャットウォーク ポイズン 123 なまイキ！ : 佐伯ゆきな (ブルーレイ版),,,佐伯ゆきな,110分鐘,,2015-04-03,"//poweredby.jads.co/js/jads.js"">",CWPBD-123,,/imgs/cover/nf2_b.jpg
f2062782-01c2-484d-af65-c745260b0a0c,95b5257d-209a-40cb-912d-e15cc1ecc917,heydouga-4170-101,jav_sources,0,1785065045393,,,,,,,,,heydouga-4170-101,,
96aafaad-5db4-4939-a920-484a16d3a0c5,95b5257d-209a-40cb-912d-e15cc1ecc917,n0787,jav_sources,0,1785065046649,,,,,,,,,n0787,,
d883c027-425f-42d7-9c18-394a80e419c5,95b5257d-209a-40cb-912d-e15cc1ecc917,051515-877,jav_sources,0,1785065047921,,,,,,,,,051515-877,,
ec8ec302-1f4f-4fef-9f50-79caf7e32e92,95b5257d-209a-40cb-912d-e15cc1ecc917,012715-793,jav_sources,0,1785065049161,,,,,,,,,012715-793,,
119d3b48-872a-4a88-bba0-08f1ff719ece,95b5257d-209a-40cb-912d-e15cc1ecc917,100616,jav_sources,0,1785065050439,,,,,,,,,100616,,
d69643e8-2af2-4b62-8701-83522a36b3cf,95b5257d-209a-40cb-912d-e15cc1ecc917,SMD-110,jav_sources,25,1785065051695,SMD-110 S Model 110 オーバーサイズBlack Fuck 激カワアナルメイド : 小西まりえ,,,小西まりえ,110分鐘,,2014-10-11,"//poweredby.jads.co/js/jads.js"">",SMD-110,,/imgs/cover/cve_b.jpg
4ae5f71f-da88-48b8-8067-cba6182cb580,95b5257d-209a-40cb-912d-e15cc1ecc917,SMBD-105,jav_sources,25,1785065053287,SMBD-105 S Model 105 驚愕の爆ボディ生殺し : 水城奈緒 (ブルーレイディスク版),,,水城奈緒,110分鐘,,2014-06-20,"//poweredby.jads.co/js/jads.js"">",SMBD-105,,/imgs/cover/cfm_b.jpg
d6bd487a-7de7-4e60-a0bc-d286e63d08a2,95b5257d-209a-40cb-912d-e15cc1ecc917,MCB3DBD-47,jav_sources,0,1785065118657,,,,,,,,,MCB3DBD-47,,
7fff3bc1-d365-4276-ba57-651e8417c840,95b5257d-209a-40cb-912d-e15cc1ecc917,n0604,jav_sources,0,1785065119907,,,,,,,,,n0604,,
84a8625a-2286-4409-aef1-55de5cf5a41d,95b5257d-209a-40cb-912d-e15cc1ecc917,S2MBD-055,jav_sources,0,1785065121164,,,,,,,,,S2MBD-055,,
f6def085-b85d-4c24-85e8-22521e65c340,95b5257d-209a-40cb-912d-e15cc1ecc917,n0861,jav_sources,0,1785065122422,,,,,,,,,n0861,,
be6fe33f-c52e-4549-9873-97dec5148541,95b5257d-209a-40cb-912d-e15cc1ecc917,011814-525,jav_sources,0,1785065123679,,,,,,,,,011814-525,,
85f6d10d-90b3-4fcd-bd52-0c14ea1c9c6e,95b5257d-209a-40cb-912d-e15cc1ecc917,n1188,jav_sources,0,1785065124913,,,,,,,,,n1188,,
92a9a04e-53c6-45cc-88a2-5681602643be,95b5257d-209a-40cb-912d-e15cc1ecc917,S2MBD-002,jav_sources,0,1785065126170,,,,,,,,,S2MBD-002,,
a0094541-3cf4-4bb5-afe8-71c30261bf36,95b5257d-209a-40cb-912d-e15cc1ecc917,n1003,jav_sources,0,1785065127438,,,,,,,,,n1003,,
ef43ba1a-da14-4a7a-80de-5d8e21d05110,95b5257d-209a-40cb-912d-e15cc1ecc917,heydouga-4030-1938,jav_sources,0,1785065128702,,,,,,,,,heydouga-4030-1938,,
3eb49e5c-3534-48e5-8564-753586aa9af7,95b5257d-209a-40cb-912d-e15cc1ecc917,SM3D2DBD-17,jav_sources,0,1785065129962,,,,,,,,,SM3D2DBD-17,,
3a3dea34-6e51-47c5-8782-c7cab0f413e1,95b5257d-209a-40cb-912d-e15cc1ecc917,031215,jav_sources,0,1785065131212,,,,,,,,,031215,,
ab3969b8-101b-4dde-aab7-77feea0dce91,95b5257d-209a-40cb-912d-e15cc1ecc917,FZ65,jav_sources,0,1785065132489,,,,,,,,,FZ65,,
7d30d363-4030-4666-a653-2c88c4027675,95b5257d-209a-40cb-912d-e15cc1ecc917,legsjapan-1147,jav_sources,0,1785065133796,,,,,,,,,legsjapan-1147,,
c220e41d-a4f9-42f4-ab64-bd4a40a416fb,95b5257d-209a-40cb-912d-e15cc1ecc917,073014-655,jav_sources,0,1785065135076,,,,,,,,,073014-655,,
26fa4079-532e-4038-9bfa-0bb617183cbf,95b5257d-209a-40cb-912d-e15cc1ecc917,n0849,jav_sources,0,1785065197065,,,,,,,,,n0849,,
4f4eb8cb-d27b-4667-8a56-292840d90604,95b5257d-209a-40cb-912d-e15cc1ecc917,HEYZO-0881,jav_sources,25,1785065198315,HEYZO-0881 舞咲みくに Z～極上エロエロボティに中出し！～,,,舞咲みくに,60分鐘,"振動,自慰,內射,69,潮吹,騎乘位,玩具,後入,潤滑劑,假陽具,美穴",2015-06-13,"//www.javbus.com/uncensored/genre/6"">振動",HEYZO-0881,,/imgs/cover/vuv_b.jpg
d665c408-e757-4f5a-aeff-80bcabc307b4,95b5257d-209a-40cb-912d-e15cc1ecc917,LAFBD-37,jav_sources,25,1785065199906,LAFBD-37 ラフォーレ ガール Vol.37 : 黛里奈 (ブルーレイ版),,,黛里奈,110分鐘,,2014-11-18,"//poweredby.jads.co/js/jads.js"">",LAFBD-37,,/imgs/cover/d0y_b.jpg
55df3ed8-f75b-4fe5-9640-2f41ba904f6f,95b5257d-209a-40cb-912d-e15cc1ecc917,RED163,jav_sources,25,1785065201493,RED-163 レッドホットフェティッシュコレクション102　中野ありさ,,,中野ありさ,49分鐘,"口交,無毛,自慰,內射,痴女,潮吹,肛門,顏射,變態,口內射精,潤滑劑,假陽具,潮吹,高潮,肛交,打屁股,潤滑劑,凌辱",2017-06-02,"//www.javbus.com/uncensored/genre/gre083"">口交",RED163,,/imgs/cover/10dn_b.jpg
3accb1c3-50ee-4e8f-a80a-ceb1bdab3de3,95b5257d-209a-40cb-912d-e15cc1ecc917,SMBD-145,jav_sources,25,1785065203086,SMBD-145 S Model 145 夫婦喧嘩で家出してきた隣の奥さん : 立花美涼 (ブルーレイディスク版),,,立花美涼,120分鐘,,2015-11-02,"//poweredby.jads.co/js/jads.js"">",SMBD-145,,/imgs/cover/wk6_b.jpg
cd37f61a-ecc1-41cd-9319-d7be807db705,95b5257d-209a-40cb-912d-e15cc1ecc917,091915-974,jav_sources,0,1785065204676,,,,,,,,,091915-974,,
0956aafb-a91b-4ed9-a07a-4da31b584894,95b5257d-209a-40cb-912d-e15cc1ecc917,110317-531,jav_sources,0,1785065205940,,,,,,,,,110317-531,,
8246767b-9548-49b7-b9de-b89bf411b49b,95b5257d-209a-40cb-912d-e15cc1ecc917,101116-279,jav_sources,0,1785065207183,,,,,,,,,101116-279,,
3ad1951a-9e8b-410b-92fa-750557a3e4b7,95b5257d-209a-40cb-912d-e15cc1ecc917,072520-001,jav_sources,0,1785065208426,,,,,,,,,072520-001,,
53b44eb8-445b-4c0e-b13b-d8a213f781cf,95b5257d-209a-40cb-912d-e15cc1ecc917,SKYHD-029,jav_sources,25,1785065209685,"SKYHD-029 スカイエンジェル ブルー Vol.29 (ブルーレイディスク版) : 波多野結衣, KEI",,,"KEI,波多野結衣",139分鐘,,2010-01-13,"//poweredby.jads.co/js/jads.js"">",SKYHD-029,,/imgs/cover/2l6_b.jpg
4ccc1393-ec78-436d-a8b7-1fdf6fb824aa,95b5257d-209a-40cb-912d-e15cc1ecc917,SKYHD-078,jav_sources,25,1785065211270,SKYHD-078 スカイエンジェル ブルー Vol.78 : 朝桐光 (ブルーレイディスク版),,,朝桐光,130分鐘,,2012-06-26,"//poweredby.jads.co/js/jads.js"">",SKYHD-078,,/imgs/cover/3jo_b.jpg
65708e11-8d84-4e91-8b31-cd48898664ee,95b5257d-209a-40cb-912d-e15cc1ecc917,n0487,jav_sources,0,1785065212863,,,,,,,,,n0487,,
43966384-41d5-472b-b15e-6b1934615dec,95b5257d-209a-40cb-912d-e15cc1ecc917,SKY-329,jav_sources,25,1785065214145,SKY-329 好色妻降臨 Vol.57 : 逢沢はるか,,,逢沢はるか,120分鐘,,2015-10-17,"//poweredby.jads.co/js/jads.js"">",SKY-329,,/imgs/cover/wil_b.jpg
1e51762d-acef-42c9-971c-72f1dc7ad936,95b5257d-209a-40cb-912d-e15cc1ecc917,HEYZO-0474,jav_sources,25,1785065215736,HEYZO-0474 波多野結衣 美痴女～淫乱な女教師の後輩指導～,,,波多野結衣,60分鐘,"制服,自慰,內射,痴女,69,女教師,肛門,淫語,騎乘位,後入,足交",2013-12-06,"//www.javbus.com/uncensored/genre/2"">制服",HEYZO-0474,,/imgs/cover/c9f_b.jpg
f3051041-ada6-4dcd-98ba-a7127f7f850c,95b5257d-209a-40cb-912d-e15cc1ecc917,011115-781,jav_sources,0,1785065278021,,,,,,,,,011115-781,,
01c7bfbc-e528-42a0-bb57-f940e912c8c2,95b5257d-209a-40cb-912d-e15cc1ecc917,052317-433,jav_sources,0,1785065279301,,,,,,,,,052317-433,,
cd6bdd81-bd79-414f-b41c-7fd452327658,95b5257d-209a-40cb-912d-e15cc1ecc917,HEYZO-0608,jav_sources,25,1785065280569,HEYZO-0608 朝桐光 他人妻味～パーフェクトボディから溢れる濃厚蜜液～,,,朝桐光,60分鐘,"振動,手淫,內射,騎乘位,玩具,後入,口內射精,不忠,多P,人妻,鄰居,送貨上門,門口",2014-05-31,"//www.javbus.com/uncensored/genre/6"">振動",HEYZO-0608,,/imgs/cover/cfp_b.jpg
70ef221c-a970-4945-9938-284a5904dd07,95b5257d-209a-40cb-912d-e15cc1ecc917,110911,jav_sources,0,1785065282176,,,,,,,,,110911,,
38895de8-020b-41f0-99c7-33f9fb724476,95b5257d-209a-40cb-912d-e15cc1ecc917,n0760,jav_sources,0,1785065283429,,,,,,,,,n0760,,
c781e215-f128-45cc-bc76-c055d434135c,95b5257d-209a-40cb-912d-e15cc1ecc917,081315,jav_sources,0,1785065284678,,,,,,,,,081315,,
01ab3f17-ca33-4131-b23a-9a0841c63082,95b5257d-209a-40cb-912d-e15cc1ecc917,031515-828,jav_sources,0,1785065285933,,,,,,,,,031515-828,,
c9908415-62d0-4976-b3f2-2b0d1ff03ab6,95b5257d-209a-40cb-912d-e15cc1ecc917,063012-062,jav_sources,0,1785065287184,,,,,,,,,063012-062,,
bb0ec534-e98b-4faa-aed0-187e20a2469e,95b5257d-209a-40cb-912d-e15cc1ecc917,S2MBD-006,jav_sources,0,1785065288435,,,,,,,,,S2MBD-006,,
bf7478d0-1479-48e4-aa73-22e3cb420df3,95b5257d-209a-40cb-912d-e15cc1ecc917,032517,jav_sources,0,1785065289693,,,,,,,,,032517,,
5601de02-0517-46f2-86d8-d492dff33162,95b5257d-209a-40cb-912d-e15cc1ecc917,013115-797,jav_sources,0,1785065290947,,,,,,,,,013115-797,,
5664a853-d821-4295-a22f-03e1384c9045,95b5257d-209a-40cb-912d-e15cc1ecc917,HEYZO-1380,jav_sources,25,1785065292183,HEYZO-1380 葵千恵【あおいちえ】 看護師長は固いのがお好き,,,葵千恵,60分鐘,"內射,潮吹,淫語,騎乘位,口內射精,護士,指法",2017-01-18,"//www.javbus.com/uncensored/genre/gre084"">內射",HEYZO-1380,,/imgs/cover/zps_b.jpg
e83060a1-c79b-4662-a646-5aa2afc33097,95b5257d-209a-40cb-912d-e15cc1ecc917,042415-860,jav_sources,0,1785065293777,,,,,,,,,042415-860,,
f90b9e29-bc52-45be-ad93-039bc747adad,95b5257d-209a-40cb-912d-e15cc1ecc917,060716-179,jav_sources,0,1785065295034,,,,,,,,,060716-179,,
a652f689-0c85-48b2-9e50-94fb7f32aa31,95b5257d-209a-40cb-912d-e15cc1ecc917,n0788,jav_sources,0,1785065296296,,,,,,,,,n0788,,
d7879326-07be-4837-ac44-f29cb3a1cc8f,95b5257d-209a-40cb-912d-e15cc1ecc917,102318-778,jav_sources,0,1785065297550,,,,,,,,,102318-778,,
05c1fbca-6e6c-4211-a80f-5c37cfe94390,95b5257d-209a-40cb-912d-e15cc1ecc917,081811,jav_sources,0,1785065359518,,,,,,,,,081811,,
3bda7c9f-31e1-48ee-a7e5-8c1a9cf3f3db,95b5257d-209a-40cb-912d-e15cc1ecc917,n1146,jav_sources,0,1785065360774,,,,,,,,,n1146,,
ef8ccdb0-ce48-475e-ac9e-1a1d409e19da,95b5257d-209a-40cb-912d-e15cc1ecc917,081024,jav_sources,0,1785065362032,,,,,,,,,081024,,
ccefcb24-7d0e-4014-afb7-2f35c648aa3b,95b5257d-209a-40cb-912d-e15cc1ecc917,042117-417,jav_sources,0,1785065363304,,,,,,,,,042117-417,,
3cdc5081-355b-42c5-a472-caf6fc7010d8,95b5257d-209a-40cb-912d-e15cc1ecc917,SKYHD-039,jav_sources,25,1785065364552,SKYHD-039 スカイエンジェル ブルー Vol.39 (ブルーレイディスク版) : 波多野結衣,,,波多野結衣,108分鐘,,2010-08-30,"//poweredby.jads.co/js/jads.js"">",SKYHD-039,,/imgs/cover/2se_b.jpg
369ec354-aea1-4ffd-a33b-3c3595abb141,95b5257d-209a-40cb-912d-e15cc1ecc917,heydouga-4037-447,jav_sources,0,1785065366133,,,,,,,,,heydouga-4037-447,,
da436a28-2618-4ca2-8453-f33f35216db6,95b5257d-209a-40cb-912d-e15cc1ecc917,042910,jav_sources,0,1785065367377,,,,,,,,,042910,,
79baf427-9fc5-4b10-b72d-a78e4a2b5467,95b5257d-209a-40cb-912d-e15cc1ecc917,MCDV-24,jav_sources,25,1785065368639,MCDV-24 メルシーボークー DV 24 放課後 Z : 一之瀬すず,,,一之瀬すず,110分鐘,,2015-05-20,"//poweredby.jads.co/js/jads.js"">",MCDV-24,,/imgs/cover/vm3_b.jpg
18e215d9-abc4-4e97-97dd-5c6e53cc2299,95b5257d-209a-40cb-912d-e15cc1ecc917,n0800,jav_sources,0,1785065370213,,,,,,,,,n0800,,
2ddab247-761a-4e27-8a6a-585103835f2e,95b5257d-209a-40cb-912d-e15cc1ecc917,n0781,jav_sources,0,1785065371466,,,,,,,,,n0781,,
c84ebd84-c071-47b1-9735-bdf4ef1b5d07,95b5257d-209a-40cb-912d-e15cc1ecc917,EMP-001,jav_sources,25,1785065372717,EMP-001 エンパイア Vol.1 ～ 50連発ぶっかけ中出しFUCK ～ : 波多野結衣,,,波多野結衣,110分鐘,,2012-07-12,"//poweredby.jads.co/js/jads.js"">",EMP-001,,/imgs/cover/3kd_b.jpg
2eac94ff-2a4a-45f6-8eff-f8f6e1fe5e8b,95b5257d-209a-40cb-912d-e15cc1ecc917,n0783,jav_sources,0,1785065374311,,,,,,,,,n0783,,
fa21675e-2df1-452e-92df-e8968de243bb,95b5257d-209a-40cb-912d-e15cc1ecc917,HEYZO-0406,jav_sources,25,1785065436286,HEYZO-0406 あずみ恋 あずみ恋のアナル講座～ツンデレ講師に前も後ろも生中出し～,,,あずみ恋,60分鐘,"內射,女教師,肛門,眼鏡,玩具,後入,套裝",2013-09-20,"//www.javbus.com/uncensored/genre/gre084"">內射",HEYZO-0406,,/imgs/cover/c7y_b.jpg
a97c6a51-1ca6-431b-81d0-4199a6dc7c79,95b5257d-209a-40cb-912d-e15cc1ecc917,n0893,jav_sources,0,1785065437903,,,,,,,,,n0893,,
d8f218da-47a3-46f9-83f0-4c9ac44f0be5,95b5257d-209a-40cb-912d-e15cc1ecc917,101214-710,jav_sources,0,1785065439179,,,,,,,,,101214-710,,
41cd268f-c416-490d-8043-91c35798aee0,95b5257d-209a-40cb-912d-e15cc1ecc917,080616,jav_sources,0,1785065440442,,,,,,,,,080616,,
3ea9dda0-df6b-4f1e-bcc6-44c6ed364137,95b5257d-209a-40cb-912d-e15cc1ecc917,070417-455,jav_sources,0,1785065441711,,,,,,,,,070417-455,,
16c63e32-5be3-4d7e-aba9-5ad9c9cab932,95b5257d-209a-40cb-912d-e15cc1ecc917,060915-895,jav_sources,0,1785065442977,,,,,,,,,060915-895,,
487da0f7-30a0-46b0-87eb-444415fb01dd,95b5257d-209a-40cb-912d-e15cc1ecc917,TRP-036,jav_sources,25,1785065444242,TRP-036 トラトラプラチナ Vol.36 - 女王様の愛のムチ - : 立花里子,,,立花里子,140分鐘,,2008-04-02,"//poweredby.jads.co/js/jads.js"">",TRP-036,,/imgs/cover/1zf_b.jpg
31cf3cbd-e0f2-444d-82e0-d6f66bcf47da,95b5257d-209a-40cb-912d-e15cc1ecc917,MKD-S41,jav_sources,0,1785065445816,,,,,,,,,MKD-S41,,
37d6813e-da5a-4631-9582-34e3a6667fe3,95b5257d-209a-40cb-912d-e15cc1ecc917,n0998,jav_sources,0,1785065447050,,,,,,,,,n0998,,
cb05588d-ff09-4131-95f4-5bc101c0245b,95b5257d-209a-40cb-912d-e15cc1ecc917,123118,jav_sources,0,1785065448313,,,,,,,,,123118,,
77b5a912-a7f3-4978-b73f-e9a0a3ad53d5,95b5257d-209a-40cb-912d-e15cc1ecc917,CWP-107,jav_sources,25,1785065449589,CWP-107 キャットウォーク ポイズン 107 性感VIP : 市来美保,,,市来美保,110分鐘,,2014-06-12,"//poweredby.jads.co/js/jads.js"">",CWP-107,,/imgs/cover/cek_b.jpg
524cf800-9f5b-425a-915e-5deb51015770,95b5257d-209a-40cb-912d-e15cc1ecc917,HEYZO-1130,jav_sources,25,1785065451157,HEYZO-1130 有賀ゆあ【ありがゆあ】 野外でガクガク！いっぱい中に出されちゃった,,,有賀ゆあ,60分鐘,"內射,舔陰,凌辱,後入,騎乘位,淫語,吸精,露出,足交,指法",2016-04-13,"//www.javbus.com/uncensored/genre/gre084"">內射",HEYZO-1130,,/imgs/cover/xgq_b.jpg
f9f5b3f0-875c-4ae7-ab2b-50b83a874056,95b5257d-209a-40cb-912d-e15cc1ecc917,110717-533,jav_sources,0,1785065452764,,,,,,,,,110717-533,,
f26c7a60-ae97-4fbb-825c-f1e3e17a88c9,95b5257d-209a-40cb-912d-e15cc1ecc917,n0713,jav_sources,0,1785065454016,,,,,,,,,n0713,,
797d747c-aa3e-4b7c-b62f-0c23f5895d34,95b5257d-209a-40cb-912d-e15cc1ecc917,GACHIG-130,jav_sources,25,1785065455259,GACHIG-130 ふみこ　−別刊マンコレ67−,,,ふみこ,22分鐘,"內射,姐姐,異物插入,素人,苗條,陰道擴張",2014-01-19,"//www.javbus.com/uncensored/genre/gre084"">內射",GACHIG-130,,/imgs/cover/e2u_b.jpg
c69a5cd9-79ed-41eb-9e00-a36be39682b7,95b5257d-209a-40cb-912d-e15cc1ecc917,CWPBD-49-1,jav_sources,0,1785065456863,,,,,,,,,CWPBD-49-1,,
a5bba9eb-35dd-486f-bb51-8bf3dc4757ad,95b5257d-209a-40cb-912d-e15cc1ecc917,SKY-262,jav_sources,25,1785065458127,SKY-262 スカイエンジェル Vol.156 : 中野ありさ,,,中野ありさ,110分鐘,,2013-04-23,"//poweredby.jads.co/js/jads.js"">",SKY-262,,/imgs/cover/3wb_b.jpg
5d9f0c71-1f8f-438a-a216-c10274a10723,95b5257d-209a-40cb-912d-e15cc1ecc917,062211,jav_sources,0,1785065459737,,,,,,,,,062211,,
0129ea6d-0e49-4d9b-a2d4-70296e8e066b,95b5257d-209a-40cb-912d-e15cc1ecc917,MKD-S144,jav_sources,0,1785065521722,,,,,,,,,MKD-S144,,
a669a789-d0e9-4cb1-88e3-77597b76f612,95b5257d-209a-40cb-912d-e15cc1ecc917,080613,jav_sources,0,1785065522982,,,,,,,,,080613,,
446fc891-e8bd-438c-b212-f26abc7f259d,95b5257d-209a-40cb-912d-e15cc1ecc917,CWPBD-166,jav_sources,25,1785065524245,CWPBD-166 キャットウォーク ポイズン 166 DEBUT : 立花瑠莉 (ブルーレイ版),,,立花瑠莉,120分鐘,"口交,美乳,美臀,騎乘位,美人,推薦作品,電動按摩器,後入,美肌,自慰",2017-10-31,"//www.javbus.com/uncensored/genre/gre083"">口交",CWPBD-166,,/imgs/cover/111v_b.jpg
682ae7ef-b14b-43db-92c3-03ad4cd6e5b9,95b5257d-209a-40cb-912d-e15cc1ecc917,n0767,jav_sources,0,1785065525831,,,,,,,,,n0767,,
8983deb6-ec92-4fe1-8c94-c39b58e6f459,95b5257d-209a-40cb-912d-e15cc1ecc917,101315,jav_sources,0,1785065527085,,,,,,,,,101315,,
3339a307-d8ac-45c6-9caf-de27c60fc40c,95b5257d-209a-40cb-912d-e15cc1ecc917,n0753,jav_sources,0,1785065528364,,,,,,,,,n0753,,
43f1316b-cbe9-441e-8706-ea3926234bc7,95b5257d-209a-40cb-912d-e15cc1ecc917,060216,jav_sources,0,1785065529618,,,,,,,,,060216,,
bde27070-8ab8-45f6-a74e-5842ef052ef9,95b5257d-209a-40cb-912d-e15cc1ecc917,n0686,jav_sources,0,1785065530899,,,,,,,,,n0686,,
ff600d3c-58fe-4059-a59c-8567a54a7cdf,95b5257d-209a-40cb-912d-e15cc1ecc917,n0299,jav_sources,0,1785065532170,,,,,,,,,n0299,,
68527384-59b8-40c3-874b-3ee6122aa990,95b5257d-209a-40cb-912d-e15cc1ecc917,041515-853,jav_sources,0,1785065533441,,,,,,,,,041515-853,,
9899b755-b4b5-43a7-a964-13ebdf586aff,95b5257d-209a-40cb-912d-e15cc1ecc917,GACHI-1151,jav_sources,25,1785065534712,GACHI-1151 蘭　−実録ガチ面接147−,,,蘭,60分鐘,"內射,素人,苗條",2017-06-15,"//www.javbus.com/uncensored/genre/gre084"">內射",GACHI-1151,,/imgs/cover/10g8_b.jpg
539e692c-52ae-4e22-b17f-ff677a59a2b0,95b5257d-209a-40cb-912d-e15cc1ecc917,070419,jav_sources,0,1785065536312,,,,,,,,,070419,,
31a34d8e-514e-404b-8672-91d3c681f915,95b5257d-209a-40cb-912d-e15cc1ecc917,k1363,jav_sources,0,1785065537581,,,,,,,,,k1363,,
9afd7941-3bec-4a25-86cc-665b634de44b,95b5257d-209a-40cb-912d-e15cc1ecc917,040612,jav_sources,0,1785065538865,,,,,,,,,040612,,
0f7c3aa7-9fb6-4b17-936d-beefa3ceeb8b,95b5257d-209a-40cb-912d-e15cc1ecc917,HEYZO-3777,jav_sources,0,1785065540134,,,,,,,,,HEYZO-3777,,
0a36a706-d3b5-4e02-8a04-fa6ab48001f4,95b5257d-209a-40cb-912d-e15cc1ecc917,n0598,jav_sources,0,1785065541451,,,,,,,,,n0598,,
8bc46c1c-325d-4192-baa3-a514dd379599,95b5257d-209a-40cb-912d-e15cc1ecc917,SKYHD-071,jav_sources,25,1785065542728,SKYHD-071 スカイエンジェル ブルー Vol.71: 朝桐光 (ブルーレイディスク版),,,朝桐光,120分鐘,,2012-03-16,"//poweredby.jads.co/js/jads.js"">",SKYHD-071,,/imgs/cover/3fs_b.jpg
dea6fbc0-729e-4640-86d8-0ddd8960f94a,95b5257d-209a-40cb-912d-e15cc1ecc917,051515-001,jav_sources,0,1785065544344,,,,,,,,,051515-001,,
2e27b9a9-3054-4bf5-bdf8-d839f7e7bed9,95b5257d-209a-40cb-912d-e15cc1ecc917,n0837,jav_sources,0,1785065606326,,,,,,,,,n0837,,
0683bf0e-e388-481b-91d8-71235a30abfd,95b5257d-209a-40cb-912d-e15cc1ecc917,HEYZO-1638,jav_sources,25,1785065607602,HEYZO-1638 続々生中～軟体ロリ娘をハメまくり！～,,,姫川ゆうな,65分鐘,"AV女優,美乳,美白,後入,69,內射,指法,手淫,舔陰,騎乘位,淋浴",2018-01-03,"//www.javbus.com/uncensored/genre/c"">AV女優",HEYZO-1638,,/imgs/cover/17e2_b.jpg
c82ad3f9-260b-4548-8240-14affc2c6db3,95b5257d-209a-40cb-912d-e15cc1ecc917,042122,jav_sources,0,1785065609407,,,,,,,,,042122,,
a89e90cf-82ed-496e-8622-c9845da1e658,95b5257d-209a-40cb-912d-e15cc1ecc917,n0594,jav_sources,0,1785065610671,,,,,,,,,n0594,,
d1fc33d0-66c9-44d9-9989-b5477bc090e9,95b5257d-209a-40cb-912d-e15cc1ecc917,091616,jav_sources,0,1785065611918,,,,,,,,,091616,,
69c69858-082c-48e9-9c9a-13be28aad30c,95b5257d-209a-40cb-912d-e15cc1ecc917,022417-380,jav_sources,0,1785065613187,,,,,,,,,022417-380,,
dacf398c-116a-4c78-b1d9-66f5bff7c203,95b5257d-209a-40cb-912d-e15cc1ecc917,070916-204,jav_sources,0,1785065614444,,,,,,,,,070916-204,,
ea3bb452-eca4-4793-a3a6-dc4500a0c381,95b5257d-209a-40cb-912d-e15cc1ecc917,HEYZO-1478,jav_sources,25,1785065615710,HEYZO-1478 丘咲エミリ【おかざきえみり】 セクシーアイドル・丘咲エミリとヤる - アダルト動画 HEYZO,,,丘咲エミリ,60分鐘,"亂交,顏射,舔陰,手淫,內射,69,第一視角,白領,淫語,顏射,眼鏡,騎乘位,玩具,後入,口內射精,口內射精,騎在臉上,足交,指法,摩擦,秘書",2017-05-03,"//www.javbus.com/uncensored/genre/gre093"">亂交",HEYZO-1478,,/imgs/cover/1087_b.jpg
87cb6668-1511-46b3-8e84-b21f8278e098,95b5257d-209a-40cb-912d-e15cc1ecc917,120214-749,jav_sources,0,1785065617300,,,,,,,,,120214-749,,
5206a1c5-0ef3-4900-8fdf-63014a5d3d70,95b5257d-209a-40cb-912d-e15cc1ecc917,100518-766,jav_sources,0,1785065618565,,,,,,,,,100518-766,,
7af6c42f-9760-4ff4-bada-372d975d39a7,95b5257d-209a-40cb-912d-e15cc1ecc917,SMBD-133,jav_sources,25,1785065619826,SMBD-133 S Model 133 極上素人貸しちゃいます。 : 保坂えり (ブルーレイディスク版),,,保坂えり,110分鐘,,2015-06-05,"//poweredby.jads.co/js/jads.js"">",SMBD-133,,/imgs/cover/vqg_b.jpg
2fb96644-4247-4a9c-bbde-45c9ed4e8476,95b5257d-209a-40cb-912d-e15cc1ecc917,080719-976,jav_sources,0,1785065621445,,,,,,,,,080719-976,,
472e1982-5153-4dbb-8a09-2fb29c949ea9,95b5257d-209a-40cb-912d-e15cc1ecc917,LAFBD-23,jav_sources,25,1785065622687,LAFBD-23 ラフォーレ ガール  Vol.23 : 小西まりえ (ブルーレイ版),,,小西まりえ,110分鐘,,2014-03-08,"//poweredby.jads.co/js/jads.js"">",LAFBD-23,,/imgs/cover/7q7_b.jpg
8f1696f8-056d-4517-8bb0-25d2d94f6aa3,95b5257d-209a-40cb-912d-e15cc1ecc917,n0476,jav_sources,0,1785065624387,,,,,,,,,n0476,,
247c29f5-9a2f-46ff-b6ad-89db0c3fc070,95b5257d-209a-40cb-912d-e15cc1ecc917,SMBD-94,jav_sources,25,1785065686346,SMBD-94 S Model 94 ベストセレクトヒッツ 3時間12本中出し : 上原結衣 (ブルーレイディスク版),,,上原志織（上原結衣）,180分鐘,,2013-12-14,"//poweredby.jads.co/js/jads.js"">",SMBD-94,,/imgs/cover/46q_b.jpg
95175328-8ccf-49db-a8bf-98f1d4650854,95b5257d-209a-40cb-912d-e15cc1ecc917,XXX-AV-21804,jav_sources,0,1785065687956,,,,,,,,,XXX-AV-21804,,
21878849-07a9-4cfb-8baf-735708f57ca6,95b5257d-209a-40cb-912d-e15cc1ecc917,HEYZO-0661,jav_sources,25,1785065689225,HEYZO-0661 みづなれい 美痴女～変態女医の淫語治療～,,,みづなれい,60分鐘,"手淫,自慰,內射,痴女,淫語,騎乘位,護士,黑髮,檢查",2014-08-16,"//www.javbus.com/uncensored/genre/gre090"">手淫",HEYZO-0661,,/imgs/cover/cq9_b.jpg
582a8336-f82e-4507-ac0e-3b03377af15d,95b5257d-209a-40cb-912d-e15cc1ecc917,n0795,jav_sources,0,1785065690814,,,,,,,,,n0795,,
f265a90d-a81e-490e-8709-71b3fdafeb57,95b5257d-209a-40cb-912d-e15cc1ecc917,HEYZO-0377,jav_sources,25,1785065692074,HEYZO-0377 北条麻妃 横山みれい 朝桐光 高級会員制クラブ『雅』3 後編～美魔女の淫らな陰謀～,,,"北条麻妃,朝桐光,横山みれい",60分鐘,"亂交,內射,騎乘位,後入,浴衣和服,誘惑,多P,高清",2013-07-28,"//www.javbus.com/uncensored/genre/gre093"">亂交",HEYZO-0377,,/imgs/cover/c6n_b.jpg
75df54cd-0ed6-4dfc-8041-cfb4f934ea83,95b5257d-209a-40cb-912d-e15cc1ecc917,090319-998,jav_sources,0,1785065693687,,,,,,,,,090319-998,,
1b8337bd-ea63-4885-886f-9f89b2c5acd8,95b5257d-209a-40cb-912d-e15cc1ecc917,032415-836,jav_sources,0,1785065695110,,,,,,,,,032415-836,,
076103ed-9778-42b8-b90d-73113c3b10b0,95b5257d-209a-40cb-912d-e15cc1ecc917,heydouga-4037-1009,jav_sources,0,1785065696385,,,,,,,,,heydouga-4037-1009,,
3c602710-6d91-4412-9b4c-92d01eef8963,95b5257d-209a-40cb-912d-e15cc1ecc917,062414-627,jav_sources,0,1785065697650,,,,,,,,,062414-627,,
1c240bd1-1daa-4c7c-81e7-c3a9ec50203d,95b5257d-209a-40cb-912d-e15cc1ecc917,110315-014,jav_sources,0,1785065698893,,,,,,,,,110315-014,,
216d6a40-eac1-4587-afdf-8d097fcf9309,95b5257d-209a-40cb-912d-e15cc1ecc917,heydouga-4037-1002,jav_sources,0,1785065700136,,,,,,,,,heydouga-4037-1002,,
d38dfe73-6d19-4a4e-aa6c-496f6c05274a,95b5257d-209a-40cb-912d-e15cc1ecc917,SMBD-135,jav_sources,25,1785065701380,SMBD-135 S Model 135  ファン感謝デー : 松本メイ (ブルーレイディスク版),,,松本メイ,135分鐘,,2015-07-13,"//poweredby.jads.co/js/jads.js"">",SMBD-135,,/imgs/cover/vxl_b.jpg
a4e59748-1983-41ad-a8da-90f8b578b261,95b5257d-209a-40cb-912d-e15cc1ecc917,CWP-126,jav_sources,25,1785065702963,CWP-126 キャットウォーク ポイズン 126 【ハイスペック美女】ジャポルノ電撃降臨 : 立花美涼,,,立花美涼,110分鐘,,2015-06-08,"//poweredby.jads.co/js/jads.js"">",CWP-126,,/imgs/cover/vre_b.jpg
2fed527d-7d7d-43a5-b62a-a17c08b21226,95b5257d-209a-40cb-912d-e15cc1ecc917,HEYZO-0683,jav_sources,25,1785065765247,HEYZO-0683 櫻井ともか 極太黒砲 VS 絶倫美女～初めての黒マラ～,,,櫻井ともか,60分鐘,"自慰,內射,69,潮吹,騎乘位,後入,淫亂",2014-09-14,"//www.javbus.com/uncensored/genre/gre085"">自慰",HEYZO-0683,,/imgs/cover/cuc_b.jpg
ae2b214b-052b-4e15-8227-6c643e195226,95b5257d-209a-40cb-912d-e15cc1ecc917,HEYZO-0521,jav_sources,25,1785065766833,HEYZO-0521 波多野結衣 フェロモン女優に逆ドッキリ！～あなた童貞じゃなかったの？～,,,波多野結衣,60分鐘,"制服,內射,白領,騎乘位,後入,口內射精,惡作劇,廁所",2014-01-19,"//www.javbus.com/uncensored/genre/2"">制服",HEYZO-0521,,/imgs/cover/cae_b.jpg
554646e9-3007-4d7b-96a7-7819f0deed4a,95b5257d-209a-40cb-912d-e15cc1ecc917,061920-001,jav_sources,0,1785065768402,,,,,,,,,061920-001,,
d9366753-060f-408a-b86e-6ce838801242,95b5257d-209a-40cb-912d-e15cc1ecc917,SKY-140,jav_sources,25,1785065769663,SKY-140 スカイエンジェル Vol.93 : 波多野結衣,,,波多野結衣,110分鐘,,2009-09-09,"//poweredby.jads.co/js/jads.js"">",SKY-140,,/imgs/cover/2hd_b.jpg
89d7ddaf-f9da-4ff5-97fb-50b861c8b33f,95b5257d-209a-40cb-912d-e15cc1ecc917,051413,jav_sources,0,1785065771268,,,,,,,,,051413,,
e9e38214-64e1-4e59-bfab-68343529aaec,95b5257d-209a-40cb-912d-e15cc1ecc917,031309,jav_sources,0,1785065772526,,,,,,,,,031309,,
3c9760d9-4f20-42f0-b608-4c35e55935f0,95b5257d-209a-40cb-912d-e15cc1ecc917,k1169,jav_sources,0,1785065773933,,,,,,,,,k1169,,
e98006f3-0464-4f93-8cd6-e0a1f8d01f24,95b5257d-209a-40cb-912d-e15cc1ecc917,n0425,jav_sources,0,1785065775196,,,,,,,,,n0425,,
cde8e373-9b77-4c33-a601-aed82ec157bf,95b5257d-209a-40cb-912d-e15cc1ecc917,032914-571,jav_sources,0,1785065776475,,,,,,,,,032914-571,,
13a2f203-acfe-44d2-a36f-f86db0968bda,95b5257d-209a-40cb-912d-e15cc1ecc917,n0744,jav_sources,0,1785065777903,,,,,,,,,n0744,,
a42074af-6dfc-4848-8003-3b0e240261c1,95b5257d-209a-40cb-912d-e15cc1ecc917,LAFBD-08,jav_sources,25,1785065779168,LAFBD-08 ラフォーレ ガール  Vol.8 : 立川理恵(ブルーレイ版),,,立川理恵,110分鐘,,2013-08-23,"//poweredby.jads.co/js/jads.js"">",LAFBD-08,,/imgs/cover/41c_b.jpg
4fa96791-ddd2-43d5-bafa-ed6d39b9ea2c,95b5257d-209a-40cb-912d-e15cc1ecc917,n0857,jav_sources,0,1785065780721,,,,,,,,,n0857,,
c31daa47-e542-4e6b-8af9-43ceadd5ff8f,95b5257d-209a-40cb-912d-e15cc1ecc917,SKYHD-012,jav_sources,25,1785065781966,SKYHD-012 スカイエンジェル ブルー Vol.12 (ブルーレイディスク版) : 桜井りあ,,,"RINKA,愛咲MIU（桜井りあ）",167分鐘,,2009-03-16,"//poweredby.jads.co/js/jads.js"">",SKYHD-012,,/imgs/cover/2bt_b.jpg
26309dfe-2a13-42c6-a450-9b973b6ad8c4,95b5257d-209a-40cb-912d-e15cc1ecc917,n0542,jav_sources,0,1785065783541,,,,,,,,,n0542,,
6f260574-af5e-4d25-90af-7046a1e607ab,95b5257d-209a-40cb-912d-e15cc1ecc917,SMBD-09,jav_sources,25,1785065784780,SMBD-09 S Model 09 : 花井メイサ (ブルーレイディスク版),,,花井メイサ,110分鐘,,2010-04-29,"//poweredby.jads.co/js/jads.js"">",SMBD-09,,/imgs/cover/2ox_b.jpg
cd1a1c27-3b2f-46d5-80b5-93d9a0dfd315,95b5257d-209a-40cb-912d-e15cc1ecc917,032815-840,jav_sources,0,1785065786362,,,,,,,,,032815-840,,
dc9a54cb-9b1d-4bb0-b2ef-b99371fcc12a,95b5257d-209a-40cb-912d-e15cc1ecc917,n1148,jav_sources,0,1785065787614,,,,,,,,,n1148,,
3ccf879c-be65-4165-b554-85b522c052b8,95b5257d-209a-40cb-912d-e15cc1ecc917,MKBD-S123,jav_sources,0,1785065788890,,,,,,,,,MKBD-S123,,
acae3211-324c-4d5c-a4ed-d823631a247c,95b5257d-209a-40cb-912d-e15cc1ecc917,n0528,jav_sources,0,1785065790159,,,,,,,,,n0528,,
e2245e19-c8a3-4b80-adaa-a0e07f53284e,95b5257d-209a-40cb-912d-e15cc1ecc917,090612,jav_sources,0,1785065791411,,,,,,,,,090612,,
3c111dbe-d233-4860-bbd2-bbc945058640,95b5257d-209a-40cb-912d-e15cc1ecc917,BangBus,jav_sources,0,1785065792656,,,,,,,,,BangBus,,
85aec2f7-b5d2-4df5-81d8-62cafff1e3e4,95b5257d-209a-40cb-912d-e15cc1ecc917,blackedraw,jav_sources,0,1785065854618,,,,,,,,,blackedraw,,
0e16ef54-9ac3-4ac4-acb0-59155103eb3f,95b5257d-209a-40cb-912d-e15cc1ecc917,blacked,jav_sources,0,1785065855884,,,,,,,,,blacked,,
48eb732b-659b-45f4-8814-d436feef6333,95b5257d-209a-40cb-912d-e15cc1ecc917,tushy,jav_sources,0,1785065857147,,,,,,,,,tushy,,
c66855b3-c5ef-4440-93f4-71d6f2867f92,95b5257d-209a-40cb-912d-e15cc1ecc917,vixen,jav_sources,0,1785065858410,,,,,,,,,vixen,,
d6ae8c56-6b83-4b0b-a98b-7ab8e456fda1,95b5257d-209a-40cb-912d-e15cc1ecc917,BangBros18,jav_sources,0,1785065859693,,,,,,,,,BangBros18,,
d92c65e4-7ef3-4c58-a795-5fd9e234959a,95b5257d-209a-40cb-912d-e15cc1ecc917,tushyraw,jav_sources,0,1785065861017,,,,,,,,,tushyraw,,
648b40ff-729b-4b05-8336-bb2a8aac5b31,95b5257d-209a-40cb-912d-e15cc1ecc917,TeamSkeetXBAEB,jav_sources,0,1785065862291,,,,,,,,,TeamSkeetXBAEB,,
ec909379-6527-4fd1-8b94-856f52df6dd5,95b5257d-209a-40cb-912d-e15cc1ecc917,RKPrime,jav_sources,0,1785065863549,,,,,,,,,RKPrime,,
cc1b7e25-235e-409c-ba6a-d0ef7889849b,95b5257d-209a-40cb-912d-e15cc1ecc917,BigNaturals,jav_sources,0,1785065864815,,,,,,,,,BigNaturals,,
e7e862af-c972-4730-87bb-d8f744640bf1,95b5257d-209a-40cb-912d-e15cc1ecc917,TittyAttack,jav_sources,0,1785065866095,,,,,,,,,TittyAttack,,
b65a72db-cfb4-4eab-bcc0-3c8b2177fcad,95b5257d-209a-40cb-912d-e15cc1ecc917,TeamSkeetXEvaElfie,jav_sources,0,1785065867356,,,,,,,,,TeamSkeetXEvaElfie,,
1e33f3d6-0fb2-45d0-ad01-2583103ddbe0,95b5257d-209a-40cb-912d-e15cc1ecc917,TeamSkeetXReislin,jav_sources,0,1785065868590,,,,,,,,,TeamSkeetXReislin,,
3c7b5f83-7531-436e-95ef-0569444e079e,95b5257d-209a-40cb-912d-e15cc1ecc917,DoctorAdventures,jav_sources,0,1785065872015,,,,,,,,,DoctorAdventures,,
b857c06b-4fa6-431c-8798-a800fcba4e78,95b5257d-209a-40cb-912d-e15cc1ecc917,TeamSkeetXMollyRedW,jav_sources,0,1785065873297,,,,,,,,,TeamSkeetXMollyRedW,,
3fdb279a-1cf8-498e-b8a1-77f0282651b3,95b5257d-209a-40cb-912d-e15cc1ecc917,AfterDark,jav_sources,0,1785065874597,,,,,,,,,AfterDark,,
616f1e97-9011-4076-91bd-6fa055ec98dc,95b5257d-209a-40cb-912d-e15cc1ecc917,TeamSkeetClassics,jav_sources,0,1785065875861,,,,,,,,,TeamSkeetClassics,,
c616033f-ae87-4197-8c47-6389ec0bca3a,95b5257d-209a-40cb-912d-e15cc1ecc917,PornstarsLikeitBig,jav_sources,0,1785065877153,,,,,,,,,PornstarsLikeitBig,,
2611e0fe-1f27-44b0-b031-8e08f810fc83,95b5257d-209a-40cb-912d-e15cc1ecc917,deeper,jav_sources,0,1785065878438,,,,,,,,,deeper,,
aa82558a-ab38-4b61-9696-bfff68661fae,95b5257d-209a-40cb-912d-e15cc1ecc917,WorkMeHarder,jav_sources,0,1785065879665,,,,,,,,,WorkMeHarder,,
9fce04a4-3b61-4997-8cf7-829116703611,95b5257d-209a-40cb-912d-e15cc1ecc917,BigTitCreamPie,jav_sources,0,1785065944760,,,,,,,,,BigTitCreamPie,,
6ec0b9f9-e82a-498f-88d1-487035d0a8bf,95b5257d-209a-40cb-912d-e15cc1ecc917,DigitalPlayground,jav_sources,0,1785065946026,,,,,,,,,DigitalPlayground,,
6d4e621e-4eff-44f4-ba7b-1f2e780caa13,95b5257d-209a-40cb-912d-e15cc1ecc917,BigWetButts,jav_sources,0,1785065947272,,,,,,,,,BigWetButts,,
9a99dc11-e387-4219-b5fa-9a1c552bdebb,95b5257d-209a-40cb-912d-e15cc1ecc917,ZZSeries,jav_sources,0,1785065948548,,,,,,,,,ZZSeries,,
593db093-eabb-4059-a540-c94d193945d5,95b5257d-209a-40cb-912d-e15cc1ecc917,MommyGotBoobs,jav_sources,0,1785065949794,,,,,,,,,MommyGotBoobs,,
c46235eb-881f-42e9-9c80-4aa1e31dd54e,95b5257d-209a-40cb-912d-e15cc1ecc917,MonstersofCock,jav_sources,0,1785065951069,,,,,,,,,MonstersofCock,,
9f573b46-1dfa-4557-ab32-f037756d46ea,95b5257d-209a-40cb-912d-e15cc1ecc917,TeensLoveHugeCocks,jav_sources,0,1785065952331,,,,,,,,,TeensLoveHugeCocks,,
72c20ac2-a0d8-444e-8bfe-3f4798acc4b7,95b5257d-209a-40cb-912d-e15cc1ecc917,TheRealWorkout,jav_sources,0,1785065953592,,,,,,,,,TheRealWorkout,,
d803d625-167e-4ffb-beeb-2aa70036f9f6,95b5257d-209a-40cb-912d-e15cc1ecc917,BrazzersExxtra,jav_sources,0,1785065954865,,,,,,,,,BrazzersExxtra,,
41e907cf-f17b-4fd4-99d9-aca96aa097f1,95b5257d-209a-40cb-912d-e15cc1ecc917,BigButtsLikeItBig,jav_sources,0,1785065956134,,,,,,,,,BigButtsLikeItBig,,
5758ab14-a2aa-408d-8d77-1245f8c674cb,95b5257d-209a-40cb-912d-e15cc1ecc917,BangPOV,jav_sources,0,1785065957552,,,,,,,,,BangPOV,,
5882888f-4e71-4300-a8b8-a3dd5d06011f,95b5257d-209a-40cb-912d-e15cc1ecc917,FamilyStrokes,jav_sources,0,1785065958811,,,,,,,,,FamilyStrokes,,
479d7938-21b4-41fd-bb6a-3ef399ced0b2,95b5257d-209a-40cb-912d-e15cc1ecc917,BangbrosClips,jav_sources,0,1785065960079,,,,,,,,,BangbrosClips,,
9dd54f51-533d-47d1-9270-5d8ebe0c6a4d,95b5257d-209a-40cb-912d-e15cc1ecc917,IMadePorn,jav_sources,0,1785065961313,,,,,,,,,IMadePorn,,
14d59c74-f5dc-4e09-8090-9cce056421f6,95b5257d-209a-40cb-912d-e15cc1ecc917,TeensLikeItBig,jav_sources,0,1785065962609,,,,,,,,,TeensLikeItBig,,
4823813d-145b-46d7-8437-911b380e3dbc,95b5257d-209a-40cb-912d-e15cc1ecc917,RealWifeStories,jav_sources,0,1785065963898,,,,,,,,,RealWifeStories,,
6cc7ea28-6c97-4a3c-b35b-ad9539f5b8c6,95b5257d-209a-40cb-912d-e15cc1ecc917,TeamSkeetXBang,jav_sources,0,1785065965152,,,,,,,,,TeamSkeetXBang,,
2f42984c-a39e-4569-8fc0-b70ebfb84f75,95b5257d-209a-40cb-912d-e15cc1ecc917,MilfsLikeitBig,jav_sources,0,1785066027134,,,,,,,,,MilfsLikeitBig,,
ae4bcbe0-bb01-4454-9eba-bd328a0ac29d,95b5257d-209a-40cb-912d-e15cc1ecc917,ExxxtraSmall,jav_sources,0,1785066028444,,,,,,,,,ExxxtraSmall,,
bb824d74-f8f4-46e1-8f0c-f5dc3ef5b012,95b5257d-209a-40cb-912d-e15cc1ecc917,TeamSkeetXGotFilled,jav_sources,0,1785066029717,,,,,,,,,TeamSkeetXGotFilled,,
f9db0673-bbcb-4da3-8ab5-fabc46b49f76,95b5257d-209a-40cb-912d-e15cc1ecc917,SneakySex,jav_sources,0,1785066031148,,,,,,,,,SneakySex,,
a4c02c70-6eb9-4078-a54b-daa7fe7ed0a0,95b5257d-209a-40cb-912d-e15cc1ecc917,PublicBang,jav_sources,0,1785066032397,,,,,,,,,PublicBang,,
28d7d6fd-b81e-43d0-b7b6-64b1e48553d0,95b5257d-209a-40cb-912d-e15cc1ecc917,GFRevenge,jav_sources,0,1785066033653,,,,,,,,,GFRevenge,,
b2cd3a92-440d-41bb-9468-87b412fbb362,95b5257d-209a-40cb-912d-e15cc1ecc917,TeamSkeetXSweetieFo,jav_sources,0,1785066034920,,,,,,,,,TeamSkeetXSweetieFo,,
6e2e7d29-e07f-4fd9-858e-8785f3761387,95b5257d-209a-40cb-912d-e15cc1ecc917,BigTitsatSchool,jav_sources,0,1785066036178,,,,,,,,,BigTitsatSchool,,
4dab2188-1a2a-4880-9f69-8ba5ae7092fe,95b5257d-209a-40cb-912d-e15cc1ecc917,BigTitsatWork,jav_sources,0,1785066037433,,,,,,,,,BigTitsatWork,,
5ad44fd0-8fd0-4650-9102-52962af59296,95b5257d-209a-40cb-912d-e15cc1ecc917,BigTitsRoundAsses,jav_sources,0,1785066038696,,,,,,,,,BigTitsRoundAsses,,
c02b8f36-0b10-42d1-90d1-06f279acfc72,95b5257d-209a-40cb-912d-e15cc1ecc917,BabyGotBoobs,jav_sources,0,1785066039944,,,,,,,,,BabyGotBoobs,,
9a75470a-89bb-4849-9083-60f9f9203826,95b5257d-209a-40cb-912d-e15cc1ecc917,FC2-4025269,jav_sources,0,1785066041215,,,,,,,,,FC2-4025269,,
fbc002a2-0f7e-44ec-9592-e36832871957,95b5257d-209a-40cb-912d-e15cc1ecc917,FC2-3061625,jav_sources,0,1785066042470,,,,,,,,,FC2-3061625,,
9fff02d3-5619-4012-bf2e-dedb872d6244,95b5257d-209a-40cb-912d-e15cc1ecc917,FC2-3175924,jav_sources,0,1785066043714,,,,,,,,,FC2-3175924,,
dd8f31c5-2a46-4e52-ac66-acba10b6b9fe,95b5257d-209a-40cb-912d-e15cc1ecc917,FC2-1616189,jav_sources,0,1785066044990,,,,,,,,,FC2-1616189,,
6a81e7e6-9b01-48d7-b57a-115e6b2bbbc0,95b5257d-209a-40cb-912d-e15cc1ecc917,FC2-2498047,jav_sources,0,1785066046238,,,,,,,,,FC2-2498047,,
faea40df-8227-485c-a46e-69449440a37d,95b5257d-209a-40cb-912d-e15cc1ecc917,FC2-2526023,jav_sources,0,1785066108184,,,,,,,,,FC2-2526023,,
82b07449-3c8a-4933-9e58-e3704bb8b5e8,95b5257d-209a-40cb-912d-e15cc1ecc917,FC2-1560667,jav_sources,0,1785066109441,,,,,,,,,FC2-1560667,,
98a18672-022b-44d3-827c-884e91818c59,95b5257d-209a-40cb-912d-e15cc1ecc917,FC2-1602707,jav_sources,0,1785066110681,,,,,,,,,FC2-1602707,,
8253a93d-c154-4a93-b361-f31448a0452d,95b5257d-209a-40cb-912d-e15cc1ecc917,FC2-4162750,jav_sources,0,1785066111937,,,,,,,,,FC2-4162750,,
ed120590-6d3b-48b2-bc12-0e82bf832675,95b5257d-209a-40cb-912d-e15cc1ecc917,FC2-3363283,jav_sources,0,1785066113191,,,,,,,,,FC2-3363283,,
d7c72a5f-718c-4162-8ef1-bb03d235954b,95b5257d-209a-40cb-912d-e15cc1ecc917,FC2-3788088,jav_sources,0,1785066114460,,,,,,,,,FC2-3788088,,
d02a21f2-1a76-40ff-b952-5f51a5302662,95b5257d-209a-40cb-912d-e15cc1ecc917,FC2-1261799,jav_sources,0,1785066115734,,,,,,,,,FC2-1261799,,
03b3f9de-f6ec-4c8c-aaee-cebb24d41c18,95b5257d-209a-40cb-912d-e15cc1ecc917,FC2-3292343,jav_sources,0,1785066116992,,,,,,,,,FC2-3292343,,
82e442bd-8c10-4346-a194-5316cb161e81,95b5257d-209a-40cb-912d-e15cc1ecc917,FC2-238629,jav_sources,0,1785066118252,,,,,,,,,FC2-238629,,
c92c2eea-c5a4-4296-a3d9-35680aed4300,95b5257d-209a-40cb-912d-e15cc1ecc917,FC2-3119569,jav_sources,0,1785066119529,,,,,,,,,FC2-3119569,,
0df7aa93-ff1c-4238-ae1c-de561143bf27,95b5257d-209a-40cb-912d-e15cc1ecc917,FC2-2386297,jav_sources,0,1785066120791,,,,,,,,,FC2-2386297,,
091f980b-f28b-4f1a-a35c-cc5a66579d51,95b5257d-209a-40cb-912d-e15cc1ecc917,FC2-2751830,jav_sources,0,1785066122065,,,,,,,,,FC2-2751830,,
d2fe7a46-8883-4755-9e44-6ab9f513d467,95b5257d-209a-40cb-912d-e15cc1ecc917,FC2-3087371,jav_sources,0,1785066123390,,,,,,,,,FC2-3087371,,
dc4bb67b-4b9a-40e1-9755-12a3244c1640,95b5257d-209a-40cb-912d-e15cc1ecc917,FC2-880652,jav_sources,0,1785066124695,,,,,,,,,FC2-880652,,
2101bb6e-3102-400f-a5e8-7fa773de3adb,95b5257d-209a-40cb-912d-e15cc1ecc917,FC2-2763672,jav_sources,0,1785066186662,,,,,,,,,FC2-2763672,,
b816d218-04cc-4698-892e-7ab8ef9e7689,95b5257d-209a-40cb-912d-e15cc1ecc917,FC2-3121790,jav_sources,0,1785066187925,,,,,,,,,FC2-3121790,,
b43ff1a0-a620-45f1-a3cd-a9b5f3b87f9b,95b5257d-209a-40cb-912d-e15cc1ecc917,FC2-2953018,jav_sources,0,1785066189216,,,,,,,,,FC2-2953018,,
ac3a3b2c-70fa-4777-87da-4f8ccb100c93,95b5257d-209a-40cb-912d-e15cc1ecc917,FC2-2643836,jav_sources,0,1785066190487,,,,,,,,,FC2-2643836,,
19adaa02-3af3-4e5a-8496-674776de428c,95b5257d-209a-40cb-912d-e15cc1ecc917,FC2-1309765,jav_sources,0,1785066191736,,,,,,,,,FC2-1309765,,
f4a48fc8-5dd2-4c5f-87ee-6da506609a36,95b5257d-209a-40cb-912d-e15cc1ecc917,FC2-2549115,jav_sources,0,1785066193037,,,,,,,,,FC2-2549115,,
7198a5ef-fc73-41c5-bc89-b18201e6c01c,95b5257d-209a-40cb-912d-e15cc1ecc917,FC2-1940513,jav_sources,0,1785066194429,,,,,,,,,FC2-1940513,,
2a474331-3446-4f58-9b9a-dd9ed678dabf,95b5257d-209a-40cb-912d-e15cc1ecc917,FC2-1932561,jav_sources,0,1785066195697,,,,,,,,,FC2-1932561,,
016f53be-c18f-446c-957a-ee259daf2c08,95b5257d-209a-40cb-912d-e15cc1ecc917,FC2-1909413,jav_sources,0,1785066196958,,,,,,,,,FC2-1909413,,
dbd4fa63-c2a4-4441-9727-720f084311bd,95b5257d-209a-40cb-912d-e15cc1ecc917,FC2-1462524,jav_sources,0,1785066198220,,,,,,,,,FC2-1462524,,
4e082af7-f50d-4435-b07e-d5200c050b09,95b5257d-209a-40cb-912d-e15cc1ecc917,FC2-1288053,jav_sources,0,1785066199500,,,,,,,,,FC2-1288053,,
3c564153-059c-4672-8c6a-0485931dbfd9,95b5257d-209a-40cb-912d-e15cc1ecc917,FC2-3264420,jav_sources,0,1785066200772,,,,,,,,,FC2-3264420,,
812f4caa-bd77-42c1-b1f8-418f1bd36442,95b5257d-209a-40cb-912d-e15cc1ecc917,FC2-2711719,jav_sources,0,1785066202023,,,,,,,,,FC2-2711719,,
0bd44dab-aa3e-495a-a287-dfe7c06d1d1d,95b5257d-209a-40cb-912d-e15cc1ecc917,FC2-2486345,jav_sources,0,1785066203300,,,,,,,,,FC2-2486345,,
cc411f81-bff9-4760-871c-b1b0255ed1dd,95b5257d-209a-40cb-912d-e15cc1ecc917,FC2-3104502,jav_sources,0,1785066204574,,,,,,,,,FC2-3104502,,
ce07d9b3-58c2-4b54-b7ec-68412acddb7c,95b5257d-209a-40cb-912d-e15cc1ecc917,FC2-3972175,jav_sources,0,1785066205857,,,,,,,,,FC2-3972175,,
647c517e-301f-4afb-94ba-c5871da7e4b2,95b5257d-209a-40cb-912d-e15cc1ecc917,FC2-3237031,jav_sources,0,1785066207165,,,,,,,,,FC2-3237031,,
28033b7e-7b30-4f60-bbe6-186103e7e4a9,95b5257d-209a-40cb-912d-e15cc1ecc917,FC2-1912367,jav_sources,0,1785066208407,,,,,,,,,FC2-1912367,,
e73d000a-a556-4a44-b538-c4036423d4b9,95b5257d-209a-40cb-912d-e15cc1ecc917,FC2-835964,jav_sources,0,1785066270397,,,,,,,,,FC2-835964,,
d7220d92-1e62-473c-9882-dd586a526f1e,95b5257d-209a-40cb-912d-e15cc1ecc917,FC2-2935820,jav_sources,0,1785066271676,,,,,,,,,FC2-2935820,,
ff0e0cb6-bd25-4878-99d9-fb1901d47d41,95b5257d-209a-40cb-912d-e15cc1ecc917,FC2-2760723,jav_sources,0,1785066272941,,,,,,,,,FC2-2760723,,
8805fd8f-01bc-477b-a37d-0d0443c1a0df,95b5257d-209a-40cb-912d-e15cc1ecc917,FC2-1050737,jav_sources,0,1785066274199,,,,,,,,,FC2-1050737,,
8c23230c-ea3f-4e4b-b135-f2689632f73a,95b5257d-209a-40cb-912d-e15cc1ecc917,FC2-2246125,jav_sources,0,1785066275445,,,,,,,,,FC2-2246125,,
ad1a9929-5a07-4790-83ba-af2df571e6a1,95b5257d-209a-40cb-912d-e15cc1ecc917,FC2-2932490,jav_sources,0,1785066276706,,,,,,,,,FC2-2932490,,
72fe2126-d460-42f3-9eb7-3d8bea14e63e,95b5257d-209a-40cb-912d-e15cc1ecc917,FC2-2767346,jav_sources,0,1785066277971,,,,,,,,,FC2-2767346,,
c4b01f64-3a0d-4e2a-b7fc-9ea5e54bf3ba,95b5257d-209a-40cb-912d-e15cc1ecc917,FC2-2724256,jav_sources,0,1785066279231,,,,,,,,,FC2-2724256,,
9c1e729c-3692-46bc-a690-ff16cec1e60f,95b5257d-209a-40cb-912d-e15cc1ecc917,FC2-3059148,jav_sources,0,1785066280487,,,,,,,,,FC2-3059148,,
05bc69c8-2903-419c-943b-f21d1b244a43,95b5257d-209a-40cb-912d-e15cc1ecc917,FC2-402422,jav_sources,0,1785066281765,,,,,,,,,FC2-402422,,
ef2132de-b801-4dfa-a265-9d817a15d0b9,95b5257d-209a-40cb-912d-e15cc1ecc917,FC2-3111155,jav_sources,0,1785066283061,,,,,,,,,FC2-3111155,,
5c396fcd-f469-4bc8-a23b-905263f4c510,95b5257d-209a-40cb-912d-e15cc1ecc917,FC2-1245249,jav_sources,0,1785066284331,,,,,,,,,FC2-1245249,,
10a3d5a7-d5c5-4316-af89-0be35197bebb,95b5257d-209a-40cb-912d-e15cc1ecc917,FC2-2802445,jav_sources,0,1785066285586,,,,,,,,,FC2-2802445,,
c0636ba7-c87f-42ab-a8e5-9b1a811791e1,95b5257d-209a-40cb-912d-e15cc1ecc917,FC2-2874876,jav_sources,0,1785066286825,,,,,,,,,FC2-2874876,,
440d245f-01a6-4d31-8af9-057123dbeeb5,95b5257d-209a-40cb-912d-e15cc1ecc917,FC2-4159457,jav_sources,0,1785066288074,,,,,,,,,FC2-4159457,,
2363e83d-03cf-46b8-8f3d-e0a0919bb761,95b5257d-209a-40cb-912d-e15cc1ecc917,FC2-3116291,jav_sources,0,1785066289321,,,,,,,,,FC2-3116291,,
151732af-c2c1-41b9-b198-f874e47fef0b,95b5257d-209a-40cb-912d-e15cc1ecc917,FC2-2848093,jav_sources,0,1785066290573,,,,,,,,,FC2-2848093,,
8dd1fc2c-ce79-4b49-ba5a-120b4a9ff9fe,95b5257d-209a-40cb-912d-e15cc1ecc917,FC2-3259992,jav_sources,0,1785066291820,,,,,,,,,FC2-3259992,,
ae8966af-8464-4ec7-8170-f80709892cea,95b5257d-209a-40cb-912d-e15cc1ecc917,FC2-1229755,jav_sources,0,1785066293103,,,,,,,,,FC2-1229755,,
acdf8020-b202-4f2c-859f-b7a68e2dc4ae,95b5257d-209a-40cb-912d-e15cc1ecc917,FC2-1864525,jav_sources,0,1785066294394,,,,,,,,,FC2-1864525,,
620ec47a-366b-47ef-9772-9df274d311ba,95b5257d-209a-40cb-912d-e15cc1ecc917,FC2-1066192,jav_sources,0,1785066295638,,,,,,,,,FC2-1066192,,
9cd69aba-98f7-4476-ad88-ceb19d041aea,95b5257d-209a-40cb-912d-e15cc1ecc917,FC2-2355314,jav_sources,0,1785066360687,,,,,,,,,FC2-2355314,,
62694a0a-25af-4511-b624-e2115edd667f,95b5257d-209a-40cb-912d-e15cc1ecc917,FC2-4112104,jav_sources,0,1785066361953,,,,,,,,,FC2-4112104,,
60a3779a-6c77-4da3-a9e9-98a70083a03d,95b5257d-209a-40cb-912d-e15cc1ecc917,FC2-3757674,jav_sources,0,1785066363197,,,,,,,,,FC2-3757674,,
78c40072-a428-43b5-8c10-8c956f0a7e0d,95b5257d-209a-40cb-912d-e15cc1ecc917,FC2-1218432,jav_sources,0,1785066364485,,,,,,,,,FC2-1218432,,
0d9d63bd-55e2-4fc6-998b-ecc143e11c50,95b5257d-209a-40cb-912d-e15cc1ecc917,FC2-3577715,jav_sources,0,1785066365832,,,,,,,,,FC2-3577715,,
5a4a4bd2-a987-4888-9d43-dcee4f0c3adc,95b5257d-209a-40cb-912d-e15cc1ecc917,FC2-3076115,jav_sources,0,1785066367097,,,,,,,,,FC2-3076115,,
274d5da5-8957-491d-8021-ff7f590e7308,95b5257d-209a-40cb-912d-e15cc1ecc917,FC2-1550026,jav_sources,0,1785066368394,,,,,,,,,FC2-1550026,,
0a581fc7-0432-4e5e-8b19-36643e1290fb,95b5257d-209a-40cb-912d-e15cc1ecc917,FC2-1384955,jav_sources,0,1785066369711,,,,,,,,,FC2-1384955,,
00f5f79b-694e-4660-a725-4beb0e3c05dc,95b5257d-209a-40cb-912d-e15cc1ecc917,FC2-3037855,jav_sources,0,1785066370966,,,,,,,,,FC2-3037855,,
eb82096e-4765-4e5e-b7a5-05d244d5df85,95b5257d-209a-40cb-912d-e15cc1ecc917,FC2-2551759,jav_sources,0,1785066372219,,,,,,,,,FC2-2551759,,
537abbe8-ee6e-4a93-a792-db3a4e9da0ea,95b5257d-209a-40cb-912d-e15cc1ecc917,FC2-3174072,jav_sources,0,1785066373504,,,,,,,,,FC2-3174072,,
072cefb2-6062-4aa8-952e-d0a09531d26c,95b5257d-209a-40cb-912d-e15cc1ecc917,FC2-1174741,jav_sources,0,1785066374775,,,,,,,,,FC2-1174741,,
9ae91059-aa47-41e8-8598-de1193e4872f,95b5257d-209a-40cb-912d-e15cc1ecc917,FC2-4524078,jav_sources,0,1785066376040,,,,,,,,,FC2-4524078,,
c4577579-cecf-47cf-9a6f-f43f4ac41fbd,95b5257d-209a-40cb-912d-e15cc1ecc917,FC2-2705724,jav_sources,0,1785066377295,,,,,,,,,FC2-2705724,,
b4bb3e21-db38-4ecf-8322-f2a491df19b5,95b5257d-209a-40cb-912d-e15cc1ecc917,FC2-1876178,jav_sources,0,1785066378569,,,,,,,,,FC2-1876178,,
fa92f880-6639-4e67-bb18-7d6bab15e483,95b5257d-209a-40cb-912d-e15cc1ecc917,FC2-2085584,jav_sources,0,1785066379808,,,,,,,,,FC2-2085584,,
8cee1c50-d47f-4be1-a03a-156e8e6d3811,95b5257d-209a-40cb-912d-e15cc1ecc917,FC2-4163396,jav_sources,0,1785066381080,,,,,,,,,FC2-4163396,,
2aeffb65-71ac-4593-8e16-0ad3e521e3cd,95b5257d-209a-40cb-912d-e15cc1ecc917,FC2-1084018,jav_sources,0,1785066443068,,,,,,,,,FC2-1084018,,
aa916055-0df9-41a2-96e4-e1e220723f49,95b5257d-209a-40cb-912d-e15cc1ecc917,FC2-985469,jav_sources,0,1785066444352,,,,,,,,,FC2-985469,,
39682ca4-36fa-46a1-b077-4a9162f596a1,95b5257d-209a-40cb-912d-e15cc1ecc917,FC2-4722815,jav_sources,0,1785066445681,,,,,,,,,FC2-4722815,,
b47cd1b5-496c-4380-8ac1-e709b49f05e5,95b5257d-209a-40cb-912d-e15cc1ecc917,FC2-1521571,jav_sources,0,1785066446943,,,,,,,,,FC2-1521571,,
bb41963b-84d1-46db-a6bf-473915cedab6,95b5257d-209a-40cb-912d-e15cc1ecc917,FC2-2714057,jav_sources,0,1785066448210,,,,,,,,,FC2-2714057,,
3cfa049e-53a1-4925-a07b-fad7c5199ed8,95b5257d-209a-40cb-912d-e15cc1ecc917,FC2-1451594,jav_sources,0,1785066449464,,,,,,,,,FC2-1451594,,
d06a8998-a32e-4654-bec4-86f67013b4e4,95b5257d-209a-40cb-912d-e15cc1ecc917,FC2-3102900,jav_sources,0,1785066450746,,,,,,,,,FC2-3102900,,
f7bd4bea-a4bd-4481-a419-413462c46ccc,95b5257d-209a-40cb-912d-e15cc1ecc917,FC2-2703027,jav_sources,0,1785066451993,,,,,,,,,FC2-2703027,,
427c467a-20ce-4173-8111-14863429a8de,95b5257d-209a-40cb-912d-e15cc1ecc917,FC2-3109397,jav_sources,0,1785066453393,,,,,,,,,FC2-3109397,,
b34891d9-f73f-424d-993e-21bd1d5275a1,95b5257d-209a-40cb-912d-e15cc1ecc917,FC2-3259498,jav_sources,0,1785066454657,,,,,,,,,FC2-3259498,,
4674e26f-dcb1-44a4-9b80-6496ac9fa203,95b5257d-209a-40cb-912d-e15cc1ecc917,FC2-2903593,jav_sources,0,1785066455889,,,,,,,,,FC2-2903593,,
410eb734-dbe4-4bc9-8e3b-aca7d6d59b65,95b5257d-209a-40cb-912d-e15cc1ecc917,FC2-3131345,jav_sources,0,1785066457154,,,,,,,,,FC2-3131345,,
765a8fb6-cb83-4628-80fa-4a3b05c24830,95b5257d-209a-40cb-912d-e15cc1ecc917,FC2-1713543,jav_sources,0,1785066458426,,,,,,,,,FC2-1713543,,
9147ba7a-b7c3-4c68-8628-cde984bde2ac,95b5257d-209a-40cb-912d-e15cc1ecc917,FC2-1952605,jav_sources,0,1785066459675,,,,,,,,,FC2-1952605,,
282f1c44-74c9-41cd-9457-3162e00a9471,95b5257d-209a-40cb-912d-e15cc1ecc917,FC2-2682982,jav_sources,0,1785066460916,,,,,,,,,FC2-2682982,,
3445ebfd-3df4-49ba-95c4-fed75118ff42,95b5257d-209a-40cb-912d-e15cc1ecc917,FC2-1425988,jav_sources,0,1785066462172,,,,,,,,,FC2-1425988,,
11cc3292-e5af-44f9-9b22-87cb178fd682,95b5257d-209a-40cb-912d-e15cc1ecc917,FC2-2985751,jav_sources,0,1785066463423,,,,,,,,,FC2-2985751,,
07218a6a-3a76-4faf-b361-ddf5c424f387,95b5257d-209a-40cb-912d-e15cc1ecc917,FC2-2770957,jav_sources,0,1785066464665,,,,,,,,,FC2-2770957,,
fac46fc6-6434-4dc3-913f-ac823258f320,95b5257d-209a-40cb-912d-e15cc1ecc917,FC2-2915808,jav_sources,0,1785066526626,,,,,,,,,FC2-2915808,,
67d3e62d-0402-48d0-953b-56189b93e855,95b5257d-209a-40cb-912d-e15cc1ecc917,FC2-3126833,jav_sources,0,1785066527887,,,,,,,,,FC2-3126833,,
51b15821-afd3-4cee-bde2-9ec1c7b72aab,95b5257d-209a-40cb-912d-e15cc1ecc917,FC2-4700034,jav_sources,0,1785066529150,,,,,,,,,FC2-4700034,,
813b77f9-48bc-4964-96b2-cbd2c5f81be4,95b5257d-209a-40cb-912d-e15cc1ecc917,FC2-2806478,jav_sources,0,1785066530395,,,,,,,,,FC2-2806478,,
8df5704f-3cbc-4cb3-8fb5-e265aea3401e,95b5257d-209a-40cb-912d-e15cc1ecc917,FC2-1852875,jav_sources,0,1785066531644,,,,,,,,,FC2-1852875,,
03ea2d4d-68a1-4c4d-ab81-acad1418a94a,95b5257d-209a-40cb-912d-e15cc1ecc917,FC2-3108889,jav_sources,0,1785066532893,,,,,,,,,FC2-3108889,,
c9166959-9a6e-48e3-9a85-b8ee0468cc4a,95b5257d-209a-40cb-912d-e15cc1ecc917,FC2-2754780,jav_sources,0,1785066534128,,,,,,,,,FC2-2754780,,
ba0ec7b7-87a8-491f-9d24-470ae99c58b4,95b5257d-209a-40cb-912d-e15cc1ecc917,FC2-2552104,jav_sources,0,1785066535362,,,,,,,,,FC2-2552104,,
745adbb5-8543-4358-9faf-b6fc8bdbde68,95b5257d-209a-40cb-912d-e15cc1ecc917,FC2-3482842,jav_sources,0,1785066536609,,,,,,,,,FC2-3482842,,
de40e9ba-71ea-4013-ba6d-d709d9a79e10,95b5257d-209a-40cb-912d-e15cc1ecc917,FC2-1888207,jav_sources,0,1785066537998,,,,,,,,,FC2-1888207,,
a8a1440c-1dbf-40a2-8819-b056ab4f0eb0,95b5257d-209a-40cb-912d-e15cc1ecc917,FC2-702535,jav_sources,0,1785066539237,,,,,,,,,FC2-702535,,
21f220b2-d312-43d1-a91f-7ebe491643cd,95b5257d-209a-40cb-912d-e15cc1ecc917,FC2-1042868,jav_sources,0,1785066540493,,,,,,,,,FC2-1042868,,
d47e660e-a58c-4dcb-aa85-445810238463,95b5257d-209a-40cb-912d-e15cc1ecc917,FC2-2629971,jav_sources,0,1785066541856,,,,,,,,,FC2-2629971,,
15df96fc-b173-42b0-8709-7e48b0c44d06,95b5257d-209a-40cb-912d-e15cc1ecc917,FC2-2733769,jav_sources,0,1785066543082,,,,,,,,,FC2-2733769,,
c7c91b2f-9560-47df-9f0b-54994343fc32,95b5257d-209a-40cb-912d-e15cc1ecc917,FC2-1628569,jav_sources,0,1785066544328,,,,,,,,,FC2-1628569,,
803907ae-b2e9-49ce-be2b-1d080547968d,95b5257d-209a-40cb-912d-e15cc1ecc917,FC2-1589814,jav_sources,0,1785066545560,,,,,,,,,FC2-1589814,,
0f696d06-8765-4bde-b169-6efbc52170b6,95b5257d-209a-40cb-912d-e15cc1ecc917,FC2-2629651,jav_sources,0,1785066546812,,,,,,,,,FC2-2629651,,
6993a615-8269-4de1-8771-5f98d230292c,95b5257d-209a-40cb-912d-e15cc1ecc917,FC2-3170983,jav_sources,0,1785066548073,,,,,,,,,FC2-3170983,,
c428bd4f-abd8-4415-a92c-7a52c5602107,95b5257d-209a-40cb-912d-e15cc1ecc917,FC2-3090722,jav_sources,0,1785066549334,,,,,,,,,FC2-3090722,,
89d71039-d54d-425a-b13a-dba0e5a8e71a,95b5257d-209a-40cb-912d-e15cc1ecc917,FC2-1228911,jav_sources,0,1785066550564,,,,,,,,,FC2-1228911,,
37f47b91-1d9f-47f4-9678-213378259f82,95b5257d-209a-40cb-912d-e15cc1ecc917,FC2-1062588,jav_sources,0,1785066551812,,,,,,,,,FC2-1062588,,
e11a9573-b50f-4c2d-ab8d-8f279d333acb,95b5257d-209a-40cb-912d-e15cc1ecc917,FC2-3193266,jav_sources,0,1785066553362,,,,,,,,,FC2-3193266,,
af9a3cf4-ce64-40c0-9492-84f3a1eaeb6e,95b5257d-209a-40cb-912d-e15cc1ecc917,FC2-3204686,jav_sources,0,1785066554591,,,,,,,,,FC2-3204686,,
35cb06fe-d149-4b89-ae19-2ca86c58bc38,95b5257d-209a-40cb-912d-e15cc1ecc917,FC2-1849599,jav_sources,0,1785066555850,,,,,,,,,FC2-1849599,,
c9b1e5d3-07e6-4f10-a251-9a509cf862b5,95b5257d-209a-40cb-912d-e15cc1ecc917,FC2-2962566,jav_sources,0,1785066557085,,,,,,,,,FC2-2962566,,
b6983b74-1b78-46c0-8748-c65a5cfb894b,95b5257d-209a-40cb-912d-e15cc1ecc917,DFE-008,jav_sources,0,1785066581494,,,,,,,,,DFE-008,,
e872b4e8-75dd-4ced-bc31-112fc571f60c,95b5257d-209a-40cb-912d-e15cc1ecc917,n0299,jav_sources,0,1785066582803,,,,,,,,,n0299,,
aa33633d-8fa3-4f17-b936-6d81d77c5eb1,95b5257d-209a-40cb-912d-e15cc1ecc917,SOE-121,jav_sources,4,1785066644763,SOE-121 ギリモザ 潮吹きナースの誘惑看護 Rio,,,Rio（柚木ティナ）,118分鐘,"护士,潮吹,多P,薄馬賽克,單體作品,DMM獨家,打手槍",2008-12-19,,SOE-121,,/pics/cover/16jk_b.jpg
ae298eb8-1037-4d77-bc69-4fc077a7ea66,95b5257d-209a-40cb-912d-e15cc1ecc917,DDK-023,jav_sources,4,1785066646396,DDK-023 おかんと一緒にラブホテル 浅井舞香,,,浅井舞香,91分鐘,"成熟的女人,母親,亂倫,舔陰,女上位,單體作品",2008-10-19,,DDK-023,,/pics/cover/2um4_b.jpg
c56e93ca-270d-4c14-a534-0fa6712a376d,95b5257d-209a-40cb-912d-e15cc1ecc917,MIDD-417,jav_sources,4,1785066647994,MIDD-417 奇跡の美爆乳セルデビュー Icup95cm 野乃はなの,,,野乃はなの,118分鐘,"蕩婦,乳交,潮吹,淫語,數位馬賽克,巨乳,單體作品,DMM獨家",2008-09-13,,MIDD-417,,/pics/cover/2920_b.jpg
371fdd6b-305b-4f09-b517-2cb458c89d4e,95b5257d-209a-40cb-912d-e15cc1ecc917,IPTD-407,jav_sources,4,1785066649598,IPTD-407 美乳ナースは流し目おもらしアイドル 稲森しほり,,,芦名未帆（稲森しほり）,118分鐘,"护士,放尿,多P,數位馬賽克,女上位,單體作品,DMM獨家",2008-11-01,,IPTD-407,,/pics/cover/1h62_b.jpg
6baec987-8129-4cef-90a2-0e4f49258dd7,95b5257d-209a-40cb-912d-e15cc1ecc917,XXX-AV-5240,jav_sources,0,1785066651172,,,,,,,,,XXX-AV-5240,,
46d0c143-468f-414e-ae9f-aae83b69c2a2,95b5257d-209a-40cb-912d-e15cc1ecc917,IPTD-398,jav_sources,4,1785066652449,IPTD-398 あさ美先生の誘惑授業 小川あさ美,,,小川あさ美,118分鐘,"放尿,女教師,多P,數位馬賽克,女上位,DVD多士爐,單體作品,DMM獨家",2008-10-01,,IPTD-398,,/pics/cover/g5i_b.jpg
1f074998-2e47-4388-9f5a-1b7409975c9b,95b5257d-209a-40cb-912d-e15cc1ecc917,101708-886,jav_sources,0,1785066654057,,,,,,,,,101708-886,,
bfb0742c-7cf0-4aec-96a8-594532d71790,95b5257d-209a-40cb-912d-e15cc1ecc917,MXGS-124,jav_sources,4,1785066655318,MXGS-124 みひろは俺の嫁。叶え！この愛あるFUCK！！,,,みひろ,139分鐘,"裸體圍裙,新娘、年輕妻子,通姦,DVD多士爐,顏射,單體作品",2008-09-16,,MXGS-124,,/pics/cover/g6b_b.jpg
224c4020-3c94-4c7f-873e-5bf792d10f4d,95b5257d-209a-40cb-912d-e15cc1ecc917,091208,jav_sources,0,1785066656916,,,,,,,,,091208,,
ab7a546d-2e8c-4435-bbf3-fdf1703fb132,95b5257d-209a-40cb-912d-e15cc1ecc917,n0308,jav_sources,0,1785066658163,,,,,,,,,n0308,,
b9185feb-cbf1-4c25-8ef8-fc1b54fd5083,95b5257d-209a-40cb-912d-e15cc1ecc917,n0258,jav_sources,0,1785066659462,,,,,,,,,n0258,,
5073c611-7c96-44fe-94ec-68fc04a5e9d3,95b5257d-209a-40cb-912d-e15cc1ecc917,n0310,jav_sources,0,1785066660765,,,,,,,,,n0310,,
3557c93c-8ea0-4dc6-82d0-356289d04a59,95b5257d-209a-40cb-912d-e15cc1ecc917,ONED-927,jav_sources,0,1785066662009,,,,,,,,,ONED-927,,
d83f770b-56f3-41dd-899e-0fafe36fa70f,95b5257d-209a-40cb-912d-e15cc1ecc917,DPIK-005,jav_sources,4,1785066663319,DPIK-005 逝キ地獄 5,,,小峰由衣,134分鐘,"拘束,女優按摩棒,單體作品,肛交",2008-06-28,,DPIK-005,,/pics/cover/2m62_b.jpg
905b352f-46d0-45d8-99e6-f23af933327a,95b5257d-209a-40cb-912d-e15cc1ecc917,MIGD-154,jav_sources,4,1785066664898,MIGD-154 黒人と乱交 大橋未久,,,大橋未久,118分鐘,"苗條,濫交,數位馬賽克,單體作品,DMM獨家,黑人演員",2008-06-13,,MIGD-154,,/pics/cover/28v1_b.jpg
d3749145-7dd1-4e3b-8cf6-703d8c307287,95b5257d-209a-40cb-912d-e15cc1ecc917,DOM-001,jav_sources,0,1785066666457,,,,,,,,,DOM-001,,
ed961026-ddd4-4cd2-8e85-45dfa0bd3945,95b5257d-209a-40cb-912d-e15cc1ecc917,JUFD-030,jav_sources,4,1785066731614,JUFD-030 匂いたつパンストの誘惑 ～スナックの美人ママ・真希のフェロモン美脚～ 友田真希,,,友田真希,118分鐘,"成熟的女人,連褲襪,數位馬賽克,足交,單體作品,DMM獨家",2008-08-07,,JUFD-030,,/pics/cover/28zp_b.jpg
50446e55-1d7b-4f8a-b3f7-c8e48954ef48,95b5257d-209a-40cb-912d-e15cc1ecc917,MXGS-148,jav_sources,4,1785066733205,MXGS-148 俺の嫁。 果穂は好きモノ堕・若奥様 かすみ果穂,,,かすみ果穂,159分鐘,"69,裸體圍裙,新娘、年輕妻子,通姦,單體作品",2008-12-16,,MXGS-148,,/pics/cover/31i5_b.jpg
da05b21b-89bb-4a70-a5f8-8a0f33dd55b0,95b5257d-209a-40cb-912d-e15cc1ecc917,n0383,jav_sources,0,1785066734797,,,,,,,,,n0383,,
df666b59-cf2b-4c50-b527-c7d346484445,95b5257d-209a-40cb-912d-e15cc1ecc917,ONED-982,jav_sources,4,1785066736051,ONED-982 爆乳ハーフ美女×ギリギリモザイク 犯された爆乳女教師 花井メイサ,,,花井メイサ,119分鐘,"強姦,女教師,薄馬賽克,巨乳,單體作品,DMM獨家",2008-05-19,,ONED-982,,/pics/cover/1vli_b.jpg
900b4ac3-1bcd-4e4b-9ffb-a0c6cd8dc36e,95b5257d-209a-40cb-912d-e15cc1ecc917,KIRD-095,jav_sources,4,1785066737591,KIRD-095 ダイナマイトBODY kira☆kiraデビュー 美空あやか,,,一ノ瀬アメリ（美空あやか、栗栖エリカ）,117分鐘,"潮吹,多P,女上位,單體作品,DMM獨家,女生,吞精",2008-11-19,,KIRD-095,,/pics/cover/1hbh_b.jpg
c967dcef-fa43-43f7-8d8b-a9928eecc868,95b5257d-209a-40cb-912d-e15cc1ecc917,MXGS-102,jav_sources,4,1785066739156,MXGS-102 果穂と最っ高のデートをしよう！ かすみ果穂,,,かすみ果穂,136分鐘,"汽車性愛,女上位,主觀視角,按摩棒,單體作品",2008-06-16,,MXGS-102,,/pics/cover/1zo_b.jpg
9a89653b-08d2-4c59-8147-ff039c6f5948,95b5257d-209a-40cb-912d-e15cc1ecc917,PB-003-1,jav_sources,0,1785066740722,,,,,,,,,PB-003-1,,
7e52b4d1-ad54-4d67-a49e-7000d9343932,95b5257d-209a-40cb-912d-e15cc1ecc917,SOE-028,jav_sources,4,1785066741973,SOE-028 レイプ×ギリモザ 夫の目の前で犯された若妻 吉沢明歩,,,吉沢明歩,118分鐘,"強姦,新娘、年輕妻子,拘束,凌辱,薄馬賽克,單體作品,DMM獨家",2008-08-07,,SOE-028,,/pics/cover/sa4_b.jpg
cbffc439-feee-43eb-bfd1-5300e1748b85,95b5257d-209a-40cb-912d-e15cc1ecc917,n0294,jav_sources,0,1785066743536,,,,,,,,,n0294,,
ef09b89c-1b6a-4cdf-82fc-48f4421ff932,95b5257d-209a-40cb-912d-e15cc1ecc917,IPTD-350,jav_sources,4,1785066744777,IPTD-350 穂花先生の誘惑授業 穂花,,,穂花,119分鐘,"女教師,數位馬賽克,女上位,單體作品,DMM獨家",2008-05-01,,IPTD-350,,/pics/cover/28rn_b.jpg
4d592bb7-b216-4bc2-b653-84abe96a464a,95b5257d-209a-40cb-912d-e15cc1ecc917,n0338,jav_sources,0,1785066746303,,,,,,,,,n0338,,
e78aa297-502d-4f81-8626-4c913028a8d1,95b5257d-209a-40cb-912d-e15cc1ecc917,SOE-040,jav_sources,4,1785066747542,SOE-040 レイプ×ギリモザ 夫の目の前で犯された若妻 小川あさ美,,,小川あさ美,118分鐘,"強姦,潮吹,新娘、年輕妻子,薄馬賽克,女上位,DVD多士爐,單體作品,DMM獨家",2008-08-19,,SOE-040,,/pics/cover/g2r_b.jpg
65ccd9d1-6da2-446e-8d1c-ac35bdc03b31,95b5257d-209a-40cb-912d-e15cc1ecc917,ZER-007,jav_sources,4,1785066749114,ZER-007 ZERO 素人以上、女優未満 07 波多野結衣,,,波多野結衣,228分鐘,"第一人稱攝影,乳交,多P,首次亮相,女上位,單體作品",2008-06-03,,ZER-007,,/pics/cover/q7p_b.jpg
e962a7d7-3dfc-49e2-8ca9-2e44a078f98d,95b5257d-209a-40cb-912d-e15cc1ecc917,n0361,jav_sources,0,1785066750711,,,,,,,,,n0361,,
e4c961b0-0e05-448c-ab88-412557f92d24,95b5257d-209a-40cb-912d-e15cc1ecc917,DBE-147,jav_sources,4,1785066751964,DBE-147 ビージーン スーパーデジタルモザイク 星野あかり,,,星野あかり,116分鐘,"多P,數位馬賽克,女上位,單體作品,肛交",2008-04-07,,DBE-147,,/pics/cover/1fz1_b.jpg
2bb588ee-0719-4bb8-b315-b95142233db6,95b5257d-209a-40cb-912d-e15cc1ecc917,MVMD-030,jav_sources,4,1785066753546,MVMD-030 飲みたがるオクチとマンコとアナル 原千尋,,,愛咲れいら（原千尋）,173分鐘,"飲尿,中出,單體作品,DMM獨家,肛交,吞精",2008-05-19,,MVMD-030,,/pics/cover/1z0l_b.jpg
6dedd9dc-e341-4b54-a31e-667c31e22f32,95b5257d-209a-40cb-912d-e15cc1ecc917,n0378,jav_sources,0,1785066818972,,,,,,,,,n0378,,
1557e822-adcc-4c11-982a-c103b008dc4b,95b5257d-209a-40cb-912d-e15cc1ecc917,083008,jav_sources,0,1785066820229,,,,,,,,,083008,,
818e8a17-e001-47ff-8d4e-dbe84ef981ce,95b5257d-209a-40cb-912d-e15cc1ecc917,SHKD-339,jav_sources,4,1785066821482,SHKD-339 夫の目の前で犯されて- 女帝の棲む家 姫咲りりあ,,,姫咲りりあ,98分鐘,"女同性戀,強姦,已婚婦女,數位馬賽克,單體作品,DMM獨家",2008-09-07,,SHKD-339,,/pics/cover/291k_b.jpg
233179c8-dfeb-474c-a390-372c20389edb,95b5257d-209a-40cb-912d-e15cc1ecc917,DV-888,jav_sources,4,1785066823065,DV-888 出会って4秒で合体 麻美ゆま,,,麻美ゆま,118分鐘,"女上位,手指插入,立即口交,巨乳,單體作品",2008-03-14,,DV-888,,/pics/cover/2zal_b.jpg
31dd596a-2356-41d3-9d1f-b13ba0c69645,95b5257d-209a-40cb-912d-e15cc1ecc917,MIDD-437,jav_sources,4,1785066824638,MIDD-437 超絶品ボディ 小川あさ美,,,小川あさ美,152分鐘,"女教師,潮吹,花癡,多P,數位馬賽克,乳房,單體作品,DMM獨家",2008-11-01,,MIDD-437,,/pics/cover/1h5w_b.jpg
53904a79-54ed-4bc0-91c5-b01cdec7146c,95b5257d-209a-40cb-912d-e15cc1ecc917,DANDY-083,jav_sources,4,1785066826206,DANDY-083 「知らない女だけが損をする！世界最大級のメガチ○ポで強制フェラ/ハメ潮/生中出しをヤる」,,,新井エリー（晶エリー、大沢佑香）,176分鐘,"潮吹,數位馬賽克,中出,單體作品,黑人演員",2008-04-04,,DANDY-083,,/pics/cover/2038_b.jpg
ec73bc7d-f931-423b-8e09-cd33f25e7073,95b5257d-209a-40cb-912d-e15cc1ecc917,TYOD-003,jav_sources,4,1785066827789,TYOD-003 イクときはイングー！！ 鈴木杏里,,,鈴木杏里,118分鐘,"花癡,顏射,單體作品,DMM獨家",2008-06-19,,TYOD-003,,/pics/cover/2cuw_b.jpg
17a4cf20-a7b3-4700-b81b-ec407323c5aa,95b5257d-209a-40cb-912d-e15cc1ecc917,NHDT-673,jav_sources,4,1785066829363,NHDT-673 ナチュラルハイ夏スペシャル 大爆破びっくり仰天映像,,,"桜井エミリ,松野ゆい",185分鐘,"企畫,野外・露出,強姦,數位馬賽克,拘束",2008-07-17,,NHDT-673,,/pics/cover/29hr_b.jpg
d066f3da-082c-4368-81bd-0ffa1247b1d9,95b5257d-209a-40cb-912d-e15cc1ecc917,n0339,jav_sources,0,1785066830930,,,,,,,,,n0339,,
32f72bb3-9966-4fc0-9153-9ed3eea4a18c,95b5257d-209a-40cb-912d-e15cc1ecc917,CXD-001,jav_sources,4,1785066832185,CXD-001 誘惑、女教師。 男子をたぶらかす年上のオンナ 村上里沙,,,村上里沙,105分鐘,"蕩婦,女教師,連褲襪,戀腿癖,女上位,單體作品",2008-05-05,,CXD-001,,/pics/cover/3oqm_b.jpg
7e20057a-adff-4817-b80c-bc6f44ea731c,95b5257d-209a-40cb-912d-e15cc1ecc917,SOE-059,jav_sources,4,1785066833758,SOE-059 ギリモザ 美しい痴女の接吻と性交 麻美ゆま,,,麻美ゆま,236分鐘,"新娘、年輕妻子,通姦,薄馬賽克,女上位,單體作品,DMM獨家,打手槍",2008-09-19,,SOE-059,,/pics/cover/16ek_b.jpg
6c24c90b-5cfc-416b-b216-4c0aed9db4f5,95b5257d-209a-40cb-912d-e15cc1ecc917,VNDS-951,jav_sources,4,1785066835340,VNDS-951 義母と叔母 禁断の極上中出し関係 第四章,,,"竹内順子,白坂百合",89分鐘,"成熟的女人,亂倫,中出,婆婆,顏射",2008-05-15,,VNDS-951,,/pics/cover/20cy_b.jpg
97225936-c9c1-460f-a68a-a46d6da92d49,95b5257d-209a-40cb-912d-e15cc1ecc917,AVGL-109,jav_sources,4,1785066836929,AVGL-109 Wギリモザ Rioとゆま,,,"Rio（柚木ティナ）,麻美ゆま",237分鐘,"潮吹,多P,薄馬賽克,顏射,巨乳,DMM獨家",2008-11-22,,AVGL-109,,/pics/cover/1h6v_b.jpg
dec273a8-ad49-4824-b76e-601b2d283ed6,95b5257d-209a-40cb-912d-e15cc1ecc917,IPTD-411,jav_sources,4,1785066838540,IPTD-411 カエラ先生の誘惑授業 上原カエラ,,,上原カエラ,118分鐘,"女教師,多P,數位馬賽克,女上位,DVD多士爐,眼鏡,單體作品,DMM獨家",2008-12-01,,IPTD-411,,/pics/cover/g4i_b.jpg
abb39269-bea8-4347-9b14-46f1bef0b9e3,95b5257d-209a-40cb-912d-e15cc1ecc917,081608-834,jav_sources,0,1785066840113,,,,,,,,,081608-834,,
530e215f-f32f-4a82-8302-05261ade9661,95b5257d-209a-40cb-912d-e15cc1ecc917,PGD-237,jav_sources,4,1785066841362,PGD-237 誘惑女教師 ～第三章～ 穂花,,,穂花,150分鐘,"女教師,乳交,數位馬賽克,舔陰,女上位,單體作品,DMM獨家",2008-12-07,,PGD-237,,/pics/cover/2998_b.jpg
b98be42b-322d-4277-ba93-e817f245ee8f,95b5257d-209a-40cb-912d-e15cc1ecc917,JUKD-922,jav_sources,4,1785066903613,JUKD-922 美熟女と黒人 白石さゆり,,,白石さゆり,111分鐘,"成熟的女人,多P,數位馬賽克,女上位,單體作品,DMM獨家,黑人演員",2008-09-07,,JUKD-922,,/pics/cover/1guu_b.jpg
e9bdb89b-e761-46df-807a-0f332f3aada4,95b5257d-209a-40cb-912d-e15cc1ecc917,SKD-14,jav_sources,0,1785066905163,,,,,,,,,SKD-14,,
569779e7-8253-4498-b801-181ff4adf9d6,95b5257d-209a-40cb-912d-e15cc1ecc917,DV-973,jav_sources,4,1785066906467,DV-973 ゆまチンとイク！早漏改善合宿 麻美ゆま,,,麻美ゆま,118分鐘,"企畫,乳交,多P,高畫質,巨乳,單體作品",2008-11-14,,DV-973,,/pics/cover/1h8x_b.jpg
99dbe2ce-2157-4a28-b27d-d83d88ef8da4,95b5257d-209a-40cb-912d-e15cc1ecc917,SDMS-604,jav_sources,4,1785066908049,SDMS-604 人間自販機,,,"向坂美々,樹花凜（七咲楓花）",66分鐘,"企畫,野外・露出",2008-12-18,,SDMS-604,,/pics/cover/2ogk_b.jpg
9c6d0d2a-8412-4892-96ca-ef26232e21fa,95b5257d-209a-40cb-912d-e15cc1ecc917,AVGL-130,jav_sources,4,1785066909645,AVGL-130 ゲロ浣腸エクスタシー X,,,"新井エリー（晶エリー、大沢佑香）,星月まゆら",215分鐘,"女同性戀,花癡,灌腸,多P",2008-11-22,,AVGL-130,,/pics/cover/1h8n_b.jpg
e5a1804e-aad9-4621-a969-8702fadd7e49,95b5257d-209a-40cb-912d-e15cc1ecc917,n0290,jav_sources,0,1785066911197,,,,,,,,,n0290,,
b701db46-eb6f-4fc8-805e-8d4df832e761,95b5257d-209a-40cb-912d-e15cc1ecc917,MXGS-146,jav_sources,4,1785066912424,MXGS-146 淫らな美人秘書 吉沢明歩,,,吉沢明歩,119分鐘,"連褲襪,秘書,DVD多士爐,顏射,單體作品",2008-12-16,,MXGS-146,,/pics/cover/g9o_b.jpg
06f3ffd6-662f-45a4-b01f-c10b228f1645,95b5257d-209a-40cb-912d-e15cc1ecc917,SMA-342,jav_sources,4,1785066914175,SMA-342 美脚×ローライズ短パン×露出デート 村上里沙,,,村上里沙,98分鐘,"汽車性愛,野外・露出,戀腿癖,單體作品",2008-07-13,,SMA-342,,/pics/cover/2ocl_b.jpg
efefd5b1-de84-46b7-818d-15e3aa631cb1,95b5257d-209a-40cb-912d-e15cc1ecc917,MDYD-279,jav_sources,4,1785066915756,MDYD-279 義母の誘い 息子の目の前で… 白石さゆり,,,白石さゆり,100分鐘,"成熟的女人,數位馬賽克,舔陰,女上位,婆婆,單體作品,DMM獨家",2008-04-13,,MDYD-279,,/pics/cover/28py_b.jpg
1cbc22b8-d562-4d1a-9a0a-bdfac5f61af4,95b5257d-209a-40cb-912d-e15cc1ecc917,122808-946,jav_sources,0,1785066917332,,,,,,,,,122808-946,,
bf883213-30d3-46b3-9380-f9999e0d6697,95b5257d-209a-40cb-912d-e15cc1ecc917,JUKD-886,jav_sources,4,1785066918594,JUKD-886 個人タクシーで濡れる女 酒井ちなみ,,,酒井ちなみ（紫葵）,112分鐘,"成熟的女人,汽車性愛,數位馬賽克,女上位,單體作品,DMM獨家",2008-07-07,,JUKD-886,,/pics/cover/28w8_b.jpg
2696fb6b-4846-4956-b62a-766d9d5ff35d,95b5257d-209a-40cb-912d-e15cc1ecc917,SSPD-060,jav_sources,4,1785066920169,SSPD-060 くノ一拷問凌辱4 掟を超えた友情,,,"姫咲りりあ,早乙女ルイ,つぼみ",140分鐘,"SM,數位馬賽克,拘束,凌辱,女忍者,DMM獨家",2008-12-07,,SSPD-060,,/pics/cover/sd7_b.jpg
addaf4a2-dcdd-471d-a213-b25539f7f6b3,95b5257d-209a-40cb-912d-e15cc1ecc917,NHDT-659,jav_sources,4,1785067248424,NHDT-659 ガンギマリアナル 大沢佑香,,,新井エリー（晶エリー、大沢佑香）,123分鐘,"屁股,灌腸,數位馬賽克,單體作品,肛交",2008-06-19,,NHDT-659,,/pics/cover/29i4_b.jpg
2587eca6-0c36-4d19-97bc-241d77416d17,95b5257d-209a-40cb-912d-e15cc1ecc917,SMA-360,jav_sources,4,1785067250014,SMA-360 キモ男に犯される未亡人 村上里沙,,,村上里沙,118分鐘,"寡婦,凌辱,乳液,中出,單體作品",2008-09-13,,SMA-360,,/pics/cover/s98_b.jpg
4c25c186-ca05-4bf1-aed8-28084edf4de0,95b5257d-209a-40cb-912d-e15cc1ecc917,IPTD-355,jav_sources,4,1785067251575,IPTD-355 セリ先生の誘惑授業 美上セリ,,,美上セリ,118分鐘,"女教師,多P,數位馬賽克,女上位,單體作品,DMM獨家,打手槍",2008-06-01,,IPTD-355,,/pics/cover/166s_b.jpg
659eb8ec-1643-446a-8068-1c461645562a,95b5257d-209a-40cb-912d-e15cc1ecc917,JBD-116,jav_sources,4,1785067253167,JBD-116 俺の作った奴隷人形 小泉彩,,,小泉彩,105分鐘,"SM,紧缚,數位馬賽克,女上位,單體作品,DMM獨家",2008-04-07,,JBD-116,,/pics/cover/28ph_b.jpg
a9ad67eb-f645-43d1-96a0-5ca8a2aa0e09,95b5257d-209a-40cb-912d-e15cc1ecc917,CCX-059,jav_sources,4,1785067254734,CCX-059 男を誘う女の匂い 淫乱美女快楽生肢体 花野真衣,,,黒木麻衣（花野真衣、SHIHO）,86分鐘,"強姦,舔陰,戲劇,單體作品",2008-11-25,,CCX-059,,/pics/cover/2ukd_b.jpg
24b3601c-46a3-4db7-9eb0-d508fb09c618,95b5257d-209a-40cb-912d-e15cc1ecc917,SBNS-059,jav_sources,4,1785067256304,SBNS-059 中年男の夢を叶えるセックス やりたい放題！ 3,,,"中条美香,大越はるか,小橋早苗,松本亜璃沙,姫野りむ",105分鐘,"和服・喪服,妄想",2008-02-25,,SBNS-059,,/pics/cover/30wc_b.jpg
12d7412e-137b-43a8-b3ae-ec0aa14beaa7,95b5257d-209a-40cb-912d-e15cc1ecc917,060608-770,jav_sources,0,1785067257878,,,,,,,,,060608-770,,
a8de4b7e-39b2-42cd-b2d5-636c3295d833,95b5257d-209a-40cb-912d-e15cc1ecc917,n0374,jav_sources,0,1785067259126,,,,,,,,,n0374,,
ae51a615-a75a-428a-a573-56bd6ba7a087,95b5257d-209a-40cb-912d-e15cc1ecc917,KMI-018,jav_sources,4,1785067260384,KMI-018 パンスト妄想脚 星優乃,,,星優乃,161分鐘,"身體意識,連褲襪,屁股,戀腿癖,緊身衣,單體作品,DMM獨家",2008-05-19,,KMI-018,,/pics/cover/3f2x_b.jpg
8e7fd5b9-c131-44ea-be2f-0c4c6a0cbe32,95b5257d-209a-40cb-912d-e15cc1ecc917,REAL-289,jav_sources,4,1785067261991,REAL-289 3周年記念作品 ダブルドリーム スーパースペシャル 乃亜＆立花里子,,,"乃亜（鳥越乃亜）,立花里子",144分鐘,"蕩婦,女同性戀,高,乳液,打手槍",2008-01-18,,REAL-289,,/pics/cover/16gu_b.jpg
e36f4f2b-3366-4ef1-8b38-b0255e5f6bfd,95b5257d-209a-40cb-912d-e15cc1ecc917,ONED-955,jav_sources,0,1785067263560,,,,,,,,,ONED-955,,
32f6901d-63b9-48b1-aeaa-a6d8c2580cdd,95b5257d-209a-40cb-912d-e15cc1ecc917,081508,jav_sources,0,1785067264868,,,,,,,,,081508,,
51ced4ea-4ffd-4231-bbd0-73e56dba9426,95b5257d-209a-40cb-912d-e15cc1ecc917,JUFD-037,jav_sources,4,1785067266131,JUFD-037 匂いたつパンストの誘惑 ～美人女教師・紗世のスタイリッシュ美脚～ 松下紗世,,,松下紗世,117分鐘,"成熟的女人,女教師,連褲襪,數位馬賽克,女上位,單體作品,DMM獨家",2008-10-07,,JUFD-037,,/pics/cover/293z_b.jpg
aacf39f3-7b02-4c0b-8c47-f77b67ae27c6,95b5257d-209a-40cb-912d-e15cc1ecc917,KMI-015,jav_sources,4,1785067267680,KMI-015 パンスト妄想脚 石黒京香,,,石黒京香（黒木かえで）,138分鐘,"賽車女郎,連褲襪,屁股,戀腿癖,兔女郎,單體作品,DMM獨家",2008-02-13,,KMI-015,,/pics/cover/3f03_b.jpg
4f1b04cc-65ea-46d4-802e-121db1d4a894,95b5257d-209a-40cb-912d-e15cc1ecc917,MIRD-040,jav_sources,4,1785067269262,MIRD-040 ドリーム学園12 6時間完全版,,,"真田春香,田中亜弥,青山菜々,白石さゆり,春妃いぶき,早川瀬里奈,竹内あい,あやか,あいぶらん（蜜井とわ）,紅音ほたる（秋月杏奈）",356分鐘,"糞便,濫交,強姦,數位馬賽克,學校作品,中出,DMM獨家",2008-06-01,,MIRD-040,,/pics/cover/1z0q_b.jpg
353ee99a-6c44-4581-82bc-f309a83bfd47,95b5257d-209a-40cb-912d-e15cc1ecc917,IPTD-404,jav_sources,4,1785067270827,IPTD-404 明歩先生の誘惑授業 吉沢明歩,,,吉沢明歩,178分鐘,"女教師,淫語,多P,數位馬賽克,足交,單體作品,DMM獨家",2008-11-01,,IPTD-404,,/pics/cover/1h64_b.jpg
4b5be490-d71c-44c8-afbb-0dc5a09ac8d1,95b5257d-209a-40cb-912d-e15cc1ecc917,AVGL-111,jav_sources,4,1785067272560,AVGL-111 おしゃぶりVENUS,,,"小澤マリア,佐藤江梨花,松嶋れいな",209分鐘,"蕩婦,濫交,口交,DMM獨家,顏射,吞精",2008-11-22,,AVGL-111,,/pics/cover/1t0p_b.jpg
8471e740-9234-490a-a0f8-8de4daa0e489,95b5257d-209a-40cb-912d-e15cc1ecc917,AVGP-111,jav_sources,0,1785067275556,,,,,,,,,AVGP-111,,
430195d4-ce51-4ef6-9f82-04502ecb9df0,95b5257d-209a-40cb-912d-e15cc1ecc917,JUKD-887,jav_sources,4,1785067287559,JUKD-887 母さんの腋の毛 友田真希,,,友田真希,118分鐘,"成熟的女人,母親,數位馬賽克,女上位,單體作品,DMM獨家",2008-07-07,,JUKD-887,,/pics/cover/28wz_b.jpg
59505949-194a-445b-af78-cec76c04616b,95b5257d-209a-40cb-912d-e15cc1ecc917,IPSD-030,jav_sources,4,1785067289203,IPSD-030 BEAUTY VENUS 2,,,"松下怜,恋小夜,穂花",239分鐘,"多P,乳房,女上位,DMM獨家",2008-08-01,,IPSD-030,,/pics/cover/1glm_b.jpg
f136c9cb-e888-4061-8d49-0609cd500f1e,95b5257d-209a-40cb-912d-e15cc1ecc917,XV-637,jav_sources,0,1785067301492,,,,,,,,,XV-637,,
a37281f1-c4c0-4faf-ae6b-687050838b36,95b5257d-209a-40cb-912d-e15cc1ecc917,STAR-100,jav_sources,4,1785067302774,STAR-100 未○年タブーSEX 長澤つぐみ,,,長澤つぐみ,124分鐘,"亂倫,數位馬賽克,凌辱,中出,單體作品",2008-07-17,,STAR-100,,/pics/cover/sk0_b.jpg
ecd19644-8773-4329-8b5f-7e76e2c395d5,95b5257d-209a-40cb-912d-e15cc1ecc917,DASD-052,jav_sources,4,1785067315041,DASD-052 黒人輪姦 小澤マリア,,,小澤マリア,118分鐘,"多P,輪姦,單體作品,DMM獨家,黑人演員",2008-05-25,,DASD-052,,/pics/cover/14bu_b.jpg
911b21e0-31f1-4454-80fe-c5bd526d7e04,95b5257d-209a-40cb-912d-e15cc1ecc917,SOE-061,jav_sources,4,1785067316620,SOE-061 ギリモザ 交わる体液、濃密セックス 小川あさ美,,,小川あさ美,116分鐘,"潮吹,薄馬賽克,女上位,DVD多士爐,顏射,單體作品,DMM獨家,打手槍",2008-09-19,,SOE-061,,/pics/cover/g29_b.jpg
418e26c7-a9db-4393-8780-fa4bd3f3bee5,95b5257d-209a-40cb-912d-e15cc1ecc917,IESP-431,jav_sources,4,1785067318192,IESP-431 麻薬捜査官 ヤク漬け膣痙攣 村上里沙,,,村上里沙,121分鐘,"藥物,各種職業,凌辱,單體作品",2008-09-04,,IESP-431,,/pics/cover/shk_b.jpg
ca5e7c6b-7056-4e83-876b-a05ca29e64c3,95b5257d-209a-40cb-912d-e15cc1ecc917,SDMS-435,jav_sources,4,1785067319759,SDMS-435 オトコのスケベな妄想シリーズ VOL.17 透明人間になれるタイツを手に入れた！ 裁判所編,,,"遠藤さやか,西川彩,蒼葉ゆめ（浅野柚奈）,美瀬純,秋乃マロン,愛沢ひな,翼裕香",114分鐘,"企畫,各種職業,高中女生,巨乳",2008-05-22,,SDMS-435,,/pics/cover/3i26_b.jpg
1f739050-9f9c-474a-8ee5-e10f1d212390,95b5257d-209a-40cb-912d-e15cc1ecc917,DASD-050,jav_sources,4,1785067321296,DASD-050 落ちぶれた飲尿メス豚アイドル 小澤マリア,,,小澤マリア,119分鐘,"強姦,飲尿,多P,凌辱,顏射,單體作品,DMM獨家",2008-04-25,,DASD-050,,/pics/cover/s3r_b.jpg
2c576655-8b7c-4161-b5d9-bf9e62c6adaf,95b5257d-209a-40cb-912d-e15cc1ecc917,ONED-953,jav_sources,0,1785067322880,,,,,,,,,ONED-953,,
f9bc5270-6e40-44f9-a03b-40468a7ec401,95b5257d-209a-40cb-912d-e15cc1ecc917,DAPS-074,jav_sources,4,1785067324161,DAPS-074 巨乳痴嬢 浜崎りお,,,浜崎りお（森下えりか、篠原絵梨香）,119分鐘,"紧缚,乳交,巨乳,單體作品,DMM獨家",2008-03-25,,DAPS-074,,/pics/cover/2fe4_b.jpg
5682cd6d-cafd-4648-8b63-4a594adee90f,95b5257d-209a-40cb-912d-e15cc1ecc917,SOE-001,jav_sources,4,1785067325759,SOE-001 ハイパー×ギリモザ ディープスロート 麻美ゆま,,,麻美ゆま,118分鐘,"口交,多P,薄馬賽克,巨乳,單體作品,DMM獨家",2008-06-19,,SOE-001,,/pics/cover/1gch_b.jpg
18d924e7-c347-46f6-877d-7a264d2447a8,95b5257d-209a-40cb-912d-e15cc1ecc917,MIDD-366,jav_sources,4,1785067327312,MIDD-366 W女教師 レイプ 輪姦 松嶋れいな 真田春香,,,"真田春香,松嶋れいな",174分鐘,"強姦,女教師,數位馬賽克,輪姦,巨乳,DMM獨家,顏射",2008-03-13,,MIDD-366,,/pics/cover/14ci_b.jpg
bcc994bb-8860-445a-850d-42f8c30fdedc,95b5257d-209a-40cb-912d-e15cc1ecc917,ADZ-093,jav_sources,0,1785067328866,,,,,,,,,ADZ-093,,
c6f6b57b-42d1-40e0-a3a5-7f5d0cddeb25,95b5257d-209a-40cb-912d-e15cc1ecc917,JUKD-814,jav_sources,4,1785067330164,JUKD-814 近親相姦 母子偏愛 志村玲子,,,志村玲子,117分鐘,"成熟的女人,母親,亂倫,數位馬賽克,女上位,單體作品,DMM獨家",2008-03-25,,JUKD-814,,/pics/cover/28nr_b.jpg
6aaf43e7-dcd2-4c18-b2ae-cad162b0b084,95b5257d-209a-40cb-912d-e15cc1ecc917,ONED-988,jav_sources,4,1785067331753,ONED-988 ハイパー×ギリモザ パイパンハイパーギリモザ 小川あさ美,,,小川あさ美,118分鐘,"無毛,多P,薄馬賽克,單體作品,DMM獨家",2008-06-07,,ONED-988,,/pics/cover/1ga4_b.jpg
dcf44db4-9831-4db9-a0ba-8486f7492330,95b5257d-209a-40cb-912d-e15cc1ecc917,SOE-123,jav_sources,4,1785067333310,SOE-123 ギリモザ もっと激しく、激しく突いて 麻美ゆま,,,麻美ゆま,118分鐘,"潮吹,多P,薄馬賽克,女上位,巨乳,單體作品,DMM獨家",2008-12-19,,SOE-123,,/pics/cover/1hfn_b.jpg
0300d4fa-8e6d-4570-9e67-6400c514ecd3,95b5257d-209a-40cb-912d-e15cc1ecc917,ONED-961,jav_sources,4,1785067334906,ONED-961 ハイパーギリギリモザイク ゆまとみのり 麻美ゆま×初音みのり,,,"初音みのり,麻美ゆま",238分鐘,"乳交,多P,薄馬賽克,乳液,DMM獨家",2008-04-19,,ONED-961,,/pics/cover/1g1u_b.jpg
26e8227e-6fb0-4a49-9536-081193dfc2cd,95b5257d-209a-40cb-912d-e15cc1ecc917,SSPD-053,jav_sources,4,1785067336482,SSPD-053 楠木女学院 奴隷色のステージ,,,"香椎杏子,姫咲りりあ,紅りんご,寧々,牧本千幸（つかもと友希）",176分鐘,"女同性戀,女教師,灌腸,數位馬賽克,性奴,DMM獨家",2008-06-07,,SSPD-053,,/pics/cover/28u3_b.jpg
17ec04c8-04ec-46f5-ab21-2db709a3360c,95b5257d-209a-40cb-912d-e15cc1ecc917,AOKN-02,jav_sources,0,1785067338057,,,,,,,,,AOKN-02,,
1a16e8e2-e2c4-4268-96fe-864c5cbcc888,95b5257d-209a-40cb-912d-e15cc1ecc917,DDB-079,jav_sources,4,1785067339341,DDB-079 僕の母をレイプしてください。 義母をレイプしてくれる人を募集します。 中森玲子,,,中森玲子,119分鐘,"母親,強姦,凌辱,眼鏡,單體作品",2008-12-19,,DDB-079,,/pics/cover/snr_b.jpg
9931f5ae-9cd6-4a8a-a88d-a7d76a93f1ba,95b5257d-209a-40cb-912d-e15cc1ecc917,IESP-408,jav_sources,4,1785067340904,IESP-408 NO.1美女軍団 銀行強盗事件 中出し20連発 7.5周年記念作品,,,"鈴木杏里,紅りんご,小鳥遊恋（高梨恋子）,加藤ツバキ（夏樹カオル）",110分鐘,"強姦,乳交,多P,中出",2008-05-08,,IESP-408,,/pics/cover/1hzl_b.jpg
cb4a4663-4356-4373-beab-589fabea57d4,95b5257d-209a-40cb-912d-e15cc1ecc917,SUPD-055,jav_sources,4,1785067342494,SUPD-055 DIGITAL CHANNEL 小川あさ美,,,小川あさ美,214分鐘,"多P,數位馬賽克,拘束,單體作品,DMM獨家,顏射,打手槍",2008-12-01,,SUPD-055,,/pics/cover/16g2_b.jpg
6769acc3-fe2e-48b4-973d-9d801655567d,95b5257d-209a-40cb-912d-e15cc1ecc917,JUFD-046,jav_sources,4,1785067344047,JUFD-046 濡れ透け婦人の甘い疼き ～スケベな化粧品訪問販売員・美紀～ 佐藤美紀,,,佐藤みき（佐藤美紀、鈴木志帆）,151分鐘,"乳交,身體意識,數位馬賽克,乳液,巨乳,單體作品,DMM獨家",2008-12-07,,JUFD-046,,/pics/cover/297r_b.jpg
104a37c6-5624-4e5c-ac48-7ee62e094615,95b5257d-209a-40cb-912d-e15cc1ecc917,CMN-018,jav_sources,4,1785067366999,CMN-018 首輪の奉仕犬 川上ゆう,,,川上ゆう（森野雫）,117分鐘,"SM,紧缚,灌腸,性奴,單體作品",2008-10-01,,CMN-018,,/pics/cover/2fke_b.jpg
00e1ef99-b86c-4aae-b0e6-fce43c4f9df0,95b5257d-209a-40cb-912d-e15cc1ecc917,ASW-017,jav_sources,4,1785067368900,ASW-017 丸呑み！2 ひかる先生のディープ・スロート口議 雪野ひかる,,,雪野ひかる,91分鐘,"女教師,口交,其他戀物癖,單體作品,吞精",2015-12-21,,ASW-017,,/pics/cover/5acp_b.jpg
2d3c6865-b1ff-430a-a556-eca9bc9118b5,95b5257d-209a-40cb-912d-e15cc1ecc917,KIRD-101,jav_sources,4,1785067370469,KIRD-101 CHARISMA☆MODEL特別編-SEX ON THE BEACH- Vol.5 美空あやか,,,一ノ瀬アメリ（美空あやか、栗栖エリカ）,107分鐘,"野外・露出,潮吹,多P,巨乳,單體作品,DMM獨家,女生",2008-12-19,,KIRD-101,,/pics/cover/1hel_b.jpg
2c495ca6-0ac9-4ee1-9dcb-97eb73db2596,95b5257d-209a-40cb-912d-e15cc1ecc917,XND-012,jav_sources,4,1785067382714,XND-012 アメスク 12,,,波多野結衣,120分鐘,"乳交,多P,女上位,顏射,單體作品",2008-09-20,,XND-012,,/pics/cover/1h47_b.jpg
0c2c5207-742a-4a5f-a441-22a28d1eede5,95b5257d-209a-40cb-912d-e15cc1ecc917,MIDD-426,jav_sources,4,1785067395006,MIDD-426 女教師 レイプ 輪姦 友亜リノ,,,友亜リノ,117分鐘,"強姦,女教師,數位馬賽克,深喉,輪姦,羞恥,DVD多士爐,單體作品,DMM獨家,顏射",2008-10-01,,MIDD-426,,/pics/cover/g4j_b.jpg
0a7b8704-6aa3-4b41-88ab-a5b415cf2920,95b5257d-209a-40cb-912d-e15cc1ecc917,JUFD-021,jav_sources,4,1785067396788,JUFD-021 濡れ透け婦人の甘い疼き ～淫乱女教師・ちなみ～ 酒井ちなみ,,,酒井ちなみ（紫葵）,118分鐘,"成熟的女人,女教師,多P,數位馬賽克,單體作品,DMM獨家",2008-06-07,,JUFD-021,,/pics/cover/1gah_b.jpg
f786729f-4517-4d1c-9a83-94a929069774,95b5257d-209a-40cb-912d-e15cc1ecc917,MPD-035,jav_sources,0,1785067398869,,,,,,,,,MPD-035,,
1e6fd4c2-4009-44ac-beb6-35e03888a744,95b5257d-209a-40cb-912d-e15cc1ecc917,082308-840,jav_sources,0,1785067400168,,,,,,,,,082308-840,,
58196a4b-7208-4151-9c28-851330d6fe6b,95b5257d-209a-40cb-912d-e15cc1ecc917,EBOD-015,jav_sources,4,1785067401430,EBOD-015 E-BODY 川瀬愛美,,,川瀬愛美,118分鐘,"潮吹,女上位,手指插入,巨乳,單體作品,DMM獨家",2008-03-13,,EBOD-015,,/pics/cover/2yzf_b.jpg
56f30abc-8ae9-4902-a629-0265724b70e7,95b5257d-209a-40cb-912d-e15cc1ecc917,102408,jav_sources,0,1785067403004,,,,,,,,,102408,,
dcf7b1cb-0c75-4367-aa12-2d94f5254d45,95b5257d-209a-40cb-912d-e15cc1ecc917,OPB-017,jav_sources,4,1785067404253,OPB-017 アズユーライク :  姫川りな,,,姫川りな,90分鐘,,2008-07-31,"//poweredby.jads.co/js/jads.js"">",OPB-017,,/imgs/cover/v8f_b.jpg
928423e7-9022-4278-ad14-06fb27e3c941,95b5257d-209a-40cb-912d-e15cc1ecc917,070408,jav_sources,0,1785067405813,,,,,,,,,070408,,
526889f0-08b5-47d1-80b9-6c5be32d102b,95b5257d-209a-40cb-912d-e15cc1ecc917,PDV-036,jav_sources,4,1785067407095,PDV-036 アリスピンクファイル あのピンクファイルで魅せる！ 美里真理,,,美里真理,119分鐘,"合集,69,多P,女上位,單體作品",2008-02-08,,PDV-036,,/pics/cover/77g_b.jpg
935dc89a-a739-4ead-8f82-1e6733e0e5b9,95b5257d-209a-40cb-912d-e15cc1ecc917,DANDY-119,jav_sources,4,1785067408652,DANDY-119 「知らない女だけが損をする！世界最大級のメガチ○ポで強制フェラ/ハメ潮/生中出しをヤる」 VOL.3,,,七瀬ゆい（羽田未来）,196分鐘,"潮吹,數位馬賽克,中出,單體作品,黑人演員",2008-12-18,,DANDY-119,,/pics/cover/1zys_b.jpg
ef509829-9669-4d7e-ae0f-ed2864a538a6,95b5257d-209a-40cb-912d-e15cc1ecc917,CZM-02,jav_sources,0,1785067410220,,,,,,,,,CZM-02,,
fceb9e24-1f7b-4b1d-9f74-d0a98a018748,95b5257d-209a-40cb-912d-e15cc1ecc917,OGK-001,jav_sources,4,1785067411526,OGK-001 お元気クリニック Vol.1,,,"浅井舞香,浜崎りお（森下えりか、篠原絵梨香）",108分鐘,"护士,連褲襪,戀腿癖,女上位,巨乳,DMM獨家",2008-12-01,,OGK-001,,/pics/cover/3f80_b.jpg
b76d4098-0ed4-43f1-a667-0d91abd8977f,95b5257d-209a-40cb-912d-e15cc1ecc917,HODV-20539,jav_sources,4,1785067413066,HODV-20539 クリクリ♪メリー♪ 明日花キララ,,,明日花キララ,114分鐘,"角色扮演,第一人稱攝影,拘束,女上位,單體作品",2008-12-21,,HODV-20539,,/pics/cover/10zq_b.jpg
edcb8dab-8127-4653-be86-a8eef9353a6a,95b5257d-209a-40cb-912d-e15cc1ecc917,MIGD-142,jav_sources,4,1785067414627,MIGD-142 真性アナルFUCK 大沢佑香,,,新井エリー（晶エリー、大沢佑香）,117分鐘,"濫交,無毛,數位馬賽克,中出,單體作品,DMM獨家,肛交",2008-05-13,,MIGD-142,,/pics/cover/1yyj_b.jpg
24eaf080-9d94-4f7f-b6f5-0161ce601298,95b5257d-209a-40cb-912d-e15cc1ecc917,SOE-024,jav_sources,4,1785067437577,SOE-024 ハイパー×ギリモザ パイパン潮吹きハイパーギリモザ 小川あさ美,,,小川あさ美,119分鐘,"潮吹,無毛,多P,薄馬賽克,單體作品,DMM獨家",2008-07-19,,SOE-024,,/pics/cover/1gkw_b.jpg
e0855579-f2ac-4bd5-961c-acfaca435013,95b5257d-209a-40cb-912d-e15cc1ecc917,RBD-117,jav_sources,4,1785067439156,RBD-117 楠木女学院 奴隷色のステージ 2,,,"天使美樹,姫咲りりあ,純名もも",169分鐘,"SM,女同性戀,灌腸,數位馬賽克,DMM獨家,肛交",2008-08-07,,RBD-117,,/pics/cover/28zv_b.jpg
080268d3-222d-4f28-926c-984afe67e99a,95b5257d-209a-40cb-912d-e15cc1ecc917,EVO-058,jav_sources,4,1785067440698,EVO-058 働くオンナ VOL.27,,,早乙女ルイ,122分鐘,"OL,多P,顏射",2008-10-22,,EVO-058,,/pics/cover/1h99_b.jpg
18799af1-e642-41e9-8ed4-4b3d0b5a4cb0,95b5257d-209a-40cb-912d-e15cc1ecc917,PGD-159,jav_sources,4,1785067442269,PGD-159 ハーレム・オブ・アマゾネス,,,"如月カレン,穂花,南波杏",246分鐘,"女同性戀,濫交,數位馬賽克,女上位,DMM獨家",2008-02-07,,PGD-159,,/pics/cover/28lq_b.jpg
1f4fa41a-b894-4424-a7b9-80c277eecec6,95b5257d-209a-40cb-912d-e15cc1ecc917,SBNS-056,jav_sources,0,1785067443840,,,,,,,,,SBNS-056,,
59ab2ecb-d151-4ec9-8ae0-3430d812a5de,95b5257d-209a-40cb-912d-e15cc1ecc917,SEND-149,jav_sources,4,1785067445128,SEND-149 Black Impact 星野あかり,,,星野あかり,107分鐘,"花癡,多P,女上位,單體作品,黑人演員",2008-02-07,,SEND-149,,/pics/cover/1fme_b.jpg
00234451-16f2-4796-9516-65174fc5d36c,95b5257d-209a-40cb-912d-e15cc1ecc917,ADZ-141,jav_sources,0,1785067457432,,,,,,,,,ADZ-141,,
8e5d22dd-8c64-4dbb-b1f6-70a34f8bfac9,95b5257d-209a-40cb-912d-e15cc1ecc917,ONED-945,jav_sources,4,1785067458747,ONED-945 ギリギリモザイク 発情ダブルおまんこ 小川あさ美×遥めぐみ,,,"遥めぐみ,小川あさ美",189分鐘,"女同性戀,潮吹,薄馬賽克,DMM獨家",2008-03-19,,ONED-945,,/pics/cover/1vlv_b.jpg
f3f028d5-d3fb-4303-be75-24c18dcdb3d5,95b5257d-209a-40cb-912d-e15cc1ecc917,SOE-079,jav_sources,4,1785067460323,SOE-079 ギリモザ バコバコ乱交 Rio,,,Rio（柚木ティナ）,118分鐘,"濫交,潮吹,多P,薄馬賽克,DVD多士爐,顏射,單體作品,DMM獨家",2008-10-19,,SOE-079,,/pics/cover/g6g_b.jpg
7e9b1f43-b70a-4c43-a283-fc2de535cc85,95b5257d-209a-40cb-912d-e15cc1ecc917,NHDT-634,jav_sources,4,1785067461876,NHDT-634 裸の大陸 4,,,新井エリー（晶エリー、大沢佑香）,96分鐘,"企畫,野外・露出,單體作品",2008-05-08,,NHDT-634,,/pics/cover/2ohi_b.jpg
9c809df1-0dcb-4617-ad98-5cc9577e85fb,95b5257d-209a-40cb-912d-e15cc1ecc917,EZD-188,jav_sources,4,1785067463476,EZD-188 働くオンナ狩り 【バスガイド編】,,,"神田美穂,平塚ゆい,安田美樹",120分鐘,"強姦,車掌小姐,灌腸,制服,手指插入",2008-12-11,,EZD-188,,/pics/cover/2zez_b.jpg
fef58fcf-4353-4073-a5bd-0085b180674d,95b5257d-209a-40cb-912d-e15cc1ecc917,SHKD-347,jav_sources,4,1785067465045,SHKD-347 夫の目の前で犯されて- 過去からの訪問者 心有花,,,心有花,105分鐘,"苗條,強姦,已婚婦女,數位馬賽克,拘束,單體作品,DMM獨家",2008-12-07,,SHKD-347,,/pics/cover/298u_b.jpg
2d0edb62-83b9-4be5-8677-3866b23ecaf6,95b5257d-209a-40cb-912d-e15cc1ecc917,MIDD-365,jav_sources,4,1785067466582,MIDD-365 女教師 レイプ 輪姦 西野翔,,,西野翔,174分鐘,"放尿,強姦,女教師,數位馬賽克,輪姦,單體作品,DMM獨家",2008-03-01,,MIDD-365,,/pics/cover/14cs_b.jpg
d329d0cc-4537-440d-87e2-5e70fdcfd697,95b5257d-209a-40cb-912d-e15cc1ecc917,NWF-155,jav_sources,4,1785067468136,NWF-155 社長秘書はインテリ痴女 村上里沙,,,村上里沙,121分鐘,"蕩婦,秘書,舔陰,女上位,單體作品",2008-08-01,,NWF-155,,/pics/cover/2uge_b.jpg
ea1505a0-f71f-45b3-986a-c1e348eea519,95b5257d-209a-40cb-912d-e15cc1ecc917,EVO-053,jav_sources,4,1785067469707,EVO-053 働くオンナ VOL.24,,,神田美穂,120分鐘,"OL,多P,女上位,手指插入",2008-09-20,,EVO-053,,/pics/cover/1h4b_b.jpg
0cd45cf2-0df8-4d5a-ae8c-aade766852f8,95b5257d-209a-40cb-912d-e15cc1ecc917,KOJ-036,jav_sources,4,1785067471280,KOJ-036 くねるムチムチお姉さんと密室デート16 玲子,,,中森玲子,118分鐘,"連褲襪,姐姐,緊身衣,女上位,巨乳,單體作品,DMM獨家",2008-08-13,,KOJ-036,,/pics/cover/3f5d_b.jpg
b934b51e-1c70-4779-ae53-85809cc8ed7c,95b5257d-209a-40cb-912d-e15cc1ecc917,n0372,jav_sources,0,1785067472843,,,,,,,,,n0372,,
325b86b7-6619-4070-88d4-39c2c94123e9,95b5257d-209a-40cb-912d-e15cc1ecc917,070408-795,jav_sources,0,1785067474101,,,,,,,,,070408-795,,
6e626bc6-1574-404a-b512-7415c296b3dc,95b5257d-209a-40cb-912d-e15cc1ecc917,SDMS-608,jav_sources,4,1785067475377,SDMS-608 人間家畜牧場,,,,138分鐘,"企畫,野外・露出,性奴,拘束,DVD多士爐",2008-12-04,,SDMS-608,,/pics/cover/gcm_b.jpg
35b22499-0ed1-4aa4-a0f7-5696228f3421,95b5257d-209a-40cb-912d-e15cc1ecc917,NHDT-738,jav_sources,4,1785067476946,NHDT-738 水責め地獄,,,藍花（花桐まつり）,90分鐘,"SM,紧缚,其他戀物癖,灌腸,凌辱,單體作品",2008-11-20,,NHDT-738,,/pics/cover/sf7_b.jpg
9bd76f52-3471-4381-ae90-7f4a26c26c9e,95b5257d-209a-40cb-912d-e15cc1ecc917,NHDT-628,jav_sources,4,1785067478527,NHDT-628 浣腸麻薬 ～2穴噴水アクメ～ VOL.2 神谷りの,,,神谷りの,123分鐘,"野外・露出,灌腸,數位馬賽克,拘束,中出,單體作品",2008-04-17,,NHDT-628,,/pics/cover/2047_b.jpg
676b9082-7393-4d19-bf0a-42e9ff94a8f4,95b5257d-209a-40cb-912d-e15cc1ecc917,n0302,jav_sources,0,1785067480102,,,,,,,,,n0302,,
abe157d4-dd86-43bb-8544-32a7e29228db,95b5257d-209a-40cb-912d-e15cc1ecc917,SBNS-078,jav_sources,4,1785067481332,SBNS-078 花嫁と新郎の父,,,"松野ゆい,葉月奈穂（葉月菜穂）",71分鐘,"新娘、年輕妻子,拘束,舔陰,女上位,戲劇",2008-07-25,,SBNS-078,,/pics/cover/2m06_b.jpg
0959f3db-37e6-46c2-ae5b-232871c165ee,95b5257d-209a-40cb-912d-e15cc1ecc917,122708-945,jav_sources,0,1785067482886,,,,,,,,,122708-945,,
07a26ee2-0f10-4183-90aa-e00b31a5c7b1,95b5257d-209a-40cb-912d-e15cc1ecc917,SSPD-057,jav_sources,4,1785067494817,SSPD-057 女子校生捜査官HGA,,,"神田美穂,宮下まい,鈴木明日香,つぼみ",174分鐘,"數位馬賽克,制服,拘束,格鬥家,高中女生,DMM獨家",2008-09-07,,SSPD-057,,/pics/cover/2919_b.jpg
fd457cfe-e1e4-49a0-8b6e-77cefa875eba,95b5257d-209a-40cb-912d-e15cc1ecc917,BF-008,jav_sources,0,1785067496396,,,,,,,,,BF-008,,
f362c836-b5b7-4c18-99e1-0c93b489f6f2,95b5257d-209a-40cb-912d-e15cc1ecc917,n0342,jav_sources,0,1785067508389,,,,,,,,,n0342,,
5b9fb5db-0316-4c3f-a99a-3054ca994fc2,95b5257d-209a-40cb-912d-e15cc1ecc917,SDMS-491,jav_sources,4,1785067520319,SDMS-491 人間家具,,,"水嶋あずみ,冬野みずき",60分鐘,"企畫,插入異物,拘束,舔陰",2008-07-04,,SDMS-491,,/pics/cover/2m4o_b.jpg
f6e03d34-ad2c-4b9e-8f58-43ec3a60fcf1,95b5257d-209a-40cb-912d-e15cc1ecc917,SOE-022,jav_sources,4,1785067532587,SOE-022 ギリモザ 繰り返す昇天、壮絶アクメ。 麻美ゆま,,,麻美ゆま,120分鐘,"69,薄馬賽克,女上位,手指插入,DVD多士爐,巨乳,單體作品,DMM獨家",2008-08-19,,SOE-022,,/pics/cover/g2q_b.jpg
8b4172d4-0cba-4234-994e-76074ee2b6c3,95b5257d-209a-40cb-912d-e15cc1ecc917,XV-644,jav_sources,0,1785067534245,,,,,,,,,XV-644,,
245b23b9-5b1a-4c7b-99eb-8141baf631b5,95b5257d-209a-40cb-912d-e15cc1ecc917,FAX-137,jav_sources,4,1785067546256,FAX-137 再婚家庭相姦図 妹 母 娘,,,"池野朋,美里流季,酒井ちなみ（紫葵）,望月加奈（松沢真理）,宝生瑠璃",98分鐘,"69,戲劇,故事集",2008-07-13,,FAX-137,,/pics/cover/omq_b.jpg
f2e9480b-bca5-483c-b023-4874909626a0,95b5257d-209a-40cb-912d-e15cc1ecc917,OPD-022,jav_sources,4,1785067547848,OPD-022 メスノート : 小澤マリア,,,小澤マリア,90分鐘,,2008-11-29,"//poweredby.jads.co/js/jads.js"">",OPD-022,,/imgs/cover/288_b.jpg
eac4c5b4-b39b-4ae2-8d12-05935d5cc5d8,95b5257d-209a-40cb-912d-e15cc1ecc917,n0328,jav_sources,0,1785067549423,,,,,,,,,n0328,,
601858cf-dddf-45d9-9487-12629a252f32,95b5257d-209a-40cb-912d-e15cc1ecc917,n0288,jav_sources,0,1785067550661,,,,,,,,,n0288,,
0940c8f5-6bda-46b5-8471-724f73cc3c00,95b5257d-209a-40cb-912d-e15cc1ecc917,SDMS-393,jav_sources,4,1785067551917,SDMS-393 結婚初夜、花嫁を合法的にそして無理矢理AV出演させて輪姦した問題映像。,,,,112分鐘,"新娘、年輕妻子,多P,輪姦,女上位",2008-03-20,,SDMS-393,,/pics/cover/14dm_b.jpg
580f3f68-f2d6-4983-a2fb-48ed87beb2d0,95b5257d-209a-40cb-912d-e15cc1ecc917,EVO-046,jav_sources,4,1785067553496,EVO-046 働くオンナ VOL.21,,,彩月あかり（岩佐めい）,108分鐘,"各種職業,多P,舔陰",2008-07-23,,EVO-046,,/pics/cover/1gs5_b.jpg
2067abbc-2020-4886-a409-5c06fdab9550,95b5257d-209a-40cb-912d-e15cc1ecc917,MIDD-443,jav_sources,4,1785067555058,MIDD-443 20コスプレFUCK 大橋未久,,,大橋未久,235分鐘,"角色扮演,潮吹,淫語,多P,數位馬賽克,單體作品,DMM獨家,蘿莉塔",2008-11-13,,MIDD-443,,/pics/cover/1h89_b.jpg
f69e5cf1-c2ed-4bc6-9d3f-e27b944cf984,95b5257d-209a-40cb-912d-e15cc1ecc917,JUFD-042,jav_sources,4,1785067556626,JUFD-042 溢れだす美熟女の泉 ～腋毛を生やしたおもらし女弁護士・真希～ 友田真希,,,友田真希,117分鐘,"成熟的女人,放尿,潮吹,數位馬賽克,單體作品,DMM獨家,打手槍",2008-11-07,,JUFD-042,,/pics/cover/16hj_b.jpg
ea0723f7-c5ab-4d18-8f63-65ff53a432e6,95b5257d-209a-40cb-912d-e15cc1ecc917,n0365,jav_sources,0,1785067558226,,,,,,,,,n0365,,
e4292738-edd7-44d5-b861-a387285683f5,95b5257d-209a-40cb-912d-e15cc1ecc917,030708,jav_sources,0,1785067559476,,,,,,,,,030708,,
f0c86936-920b-45ea-9068-1cb9158e6675,95b5257d-209a-40cb-912d-e15cc1ecc917,122708,jav_sources,0,1785067560739,,,,,,,,,122708,,
bb7f8fae-b9a2-46dc-aa96-d428ae034bb0,95b5257d-209a-40cb-912d-e15cc1ecc917,IPTD-358,jav_sources,4,1785067561986,IPTD-358 エロ美女医 松下怜,,,松下怜,120分鐘,"女醫生,多P,數位馬賽克,手指插入,單體作品,DMM獨家,打手槍",2008-06-01,,IPTD-358,,/pics/cover/165y_b.jpg
c6f05f82-4584-448d-8e45-2d01c276a6bf,95b5257d-209a-40cb-912d-e15cc1ecc917,SDMS-548,jav_sources,4,1785067563574,SDMS-548 ムラムラした時、したい所で、誰とでもセックスが出来る方法！！その2,,,"翔乃まゆ,向坂美々,ayami（赤西涼、まひる）,坂本愛海",131分鐘,"角色扮演,企畫,女上位,巨乳",2008-10-09,,SDMS-548,,/pics/cover/3sxo_b.jpg
c81238e8-55c1-4b8e-93b8-9e4d776d9543,95b5257d-209a-40cb-912d-e15cc1ecc917,SHKD-329,jav_sources,4,1785067565499,SHKD-329 黒辱 日本人留学生の海外輪姦コネクション 神田美穂 星川ルル,,,"神田美穂,星川ルル",91分鐘,"強姦,數位馬賽克,凌辱,中出,DMM獨家,黑人演員",2008-05-07,,SHKD-329,,/pics/cover/s1l_b.jpg
14c240a0-e2a1-47bc-be12-00294b5b6117,95b5257d-209a-40cb-912d-e15cc1ecc917,DDT-190,jav_sources,4,1785067567061,DDT-190 ゲロ浣腸エクスタシー ソドム,,,"夏芽涼,泉まりん",119分鐘,"女同性戀,花癡,灌腸,多P",2008-07-19,,DDT-190,,/pics/cover/1h6p_b.jpg
cca6fe9b-4842-4e30-aa00-ec02c635c060,95b5257d-209a-40cb-912d-e15cc1ecc917,n0319,jav_sources,0,1785067568636,,,,,,,,,n0319,,
83703737-23f1-439f-bea3-ca95da8a1f29,95b5257d-209a-40cb-912d-e15cc1ecc917,MIRD-042,jav_sources,4,1785067569866,MIRD-042 痴女にまつわる都市伝説 転校したら生徒がボクだけで美人女教師6人が全員で教えてくれる夢の集団女教師ハーレム学園,,,"今野梨乃,三浦亜沙妃,佐藤江梨花,京野明日香,叶樹梨,紅月ルナ",236分鐘,"蕩婦,苗條,濫交,女教師,數位馬賽克,乳房,DMM獨家",2008-07-01,,MIRD-042,,/pics/cover/28vi_b.jpg
4ebb4f87-7caa-4d37-adb5-e27a4b5ea36e,95b5257d-209a-40cb-912d-e15cc1ecc917,PGD-151,jav_sources,4,1785067571443,PGD-151 実録！リアルレースクイーンの性 冬月かえで,,,冬月かえで,118分鐘,"賽車女郎,多P,數位馬賽克,手指插入,DVD多士爐,單體作品,DMM獨家",2008-01-07,,PGD-151,,/pics/cover/fva_b.jpg
4928d94f-9aff-47c8-bb1d-c464a4552197,95b5257d-209a-40cb-912d-e15cc1ecc917,PPSD-008,jav_sources,4,1785067572986,PPSD-008 105cmIcup 95cmGcup 94cmGcup 88cmGcup OPPAI女教師スペシャル,,,"羽田夕夏,@YOU,真田春香,松嶋れいな",117分鐘,"濫交,女教師,戀乳癖,中出,巨乳,DMM獨家",2008-11-19,,PPSD-008,,/pics/cover/1zna_b.jpg
91e8e190-2352-493a-aacd-25975dfc3bd1,95b5257d-209a-40cb-912d-e15cc1ecc917,DOM-007,jav_sources,4,1785067574565,DOM-007 やりたい放題 2,,,仲村知夏,163分鐘,"放尿,拘束,眼鏡,泳裝,巨乳",2008-12-11,,DOM-007,,/pics/cover/1p8j_b.jpg
9f7d1410-ea9f-49b5-a4f8-f95b6e371c07,95b5257d-209a-40cb-912d-e15cc1ecc917,k0140,jav_sources,0,1785067576175,,,,,,,,,k0140,,
26324e75-fbd3-461b-9b5a-2918ae78de10,95b5257d-209a-40cb-912d-e15cc1ecc917,FAX-123,jav_sources,4,1785067577446,FAX-123 美しき女体のエロス 性犯罪名作選,,,"清水琴美,宮脇早苗,青山りか,桜井あきら,藤森みゆき,くらもとまい（葉月ありさ）,望月加奈（松沢真理）",144分鐘,"野外・露出,強姦,戲劇,故事集",2008-04-25,,FAX-123,,/pics/cover/omk_b.jpg
f45c8b32-1399-4886-ae4a-dcdce2080399,95b5257d-209a-40cb-912d-e15cc1ecc917,SOE-087,jav_sources,4,1785067579018,SOE-087 新人×ギリモザ 新人ギリモザ 雨宮琴音,,,雨宮琴音,117分鐘,"潮吹,多P,首次亮相,薄馬賽克,DVD多士爐,顏射,單體作品,DMM獨家",2008-10-19,,SOE-087,,/pics/cover/g5c_b.jpg
cf921846-ac06-4456-919b-e89b33510395,95b5257d-209a-40cb-912d-e15cc1ecc917,VDD-019,jav_sources,4,1785067580605,VDD-019 スチュワーデスin… ［脅迫スイートルーム］ Cabin Attendant Risa（24）,,,村上里沙,104分鐘,"空中小姐,多P,拘束,單體作品",2008-01-16,,VDD-019,,/pics/cover/1fjb_b.jpg
240213ad-0d83-444d-8dd6-af6410962c43,95b5257d-209a-40cb-912d-e15cc1ecc917,n0345,jav_sources,0,1785067614298,,,,,,,,,n0345,,
3e6c7226-6c69-4717-b2f2-c42b20e3c5f1,95b5257d-209a-40cb-912d-e15cc1ecc917,SBNS-058,jav_sources,4,1785067615549,SBNS-058 優秀女子社員,,,"香坂りな,二階堂ローザ,桐原あずさ（伊藤あずさ）,姫野りむ",80分鐘,"OL,口交,制服",2008-02-25,,SBNS-058,,/pics/cover/1sfe_b.jpg
e6de6fae-e2a3-4c43-8d8b-17f19617c943,95b5257d-209a-40cb-912d-e15cc1ecc917,SHKD-345,jav_sources,4,1785067617175,SHKD-345 悲しみの母子 早乙女ルイ,,,早乙女ルイ,99分鐘,"強姦,紧缚,數位馬賽克,制服,單體作品,DMM獨家",2008-11-07,,SHKD-345,,/pics/cover/296p_b.jpg
cd110562-ccf0-46d2-8480-596794d79d8b,95b5257d-209a-40cb-912d-e15cc1ecc917,MIRD-043,jav_sources,4,1785067618740,MIRD-043 レイプ！中出し！アナル！全て輪姦！ 集団女教師レイプ輪姦,,,"今野梨乃,三浦亜沙妃,佐藤江梨花,京野明日香,叶樹梨,紅月ルナ",236分鐘,"強姦,女教師,數位馬賽克,深喉,輪姦,中出,DMM獨家,肛交",2008-07-01,,MIRD-043,,/pics/cover/14co_b.jpg
62bccadb-c0a2-44e7-aab4-75b9757d26aa,95b5257d-209a-40cb-912d-e15cc1ecc917,IPTD-384,jav_sources,4,1785067620295,IPTD-384 怜先生の誘惑授業 松下怜,,,松下怜,118分鐘,"女教師,多P,數位馬賽克,女上位,顏射,單體作品,DMM獨家",2008-09-01,,IPTD-384,,/pics/cover/1gtz_b.jpg
aaa2a7ba-9a2f-4323-a85f-e05cae461326,95b5257d-209a-40cb-912d-e15cc1ecc917,IPTD-314,jav_sources,4,1785067621869,IPTD-314 エリ先生の誘惑授業 伊東エリ,,,伊東エリ,118分鐘,"女教師,69,多P,數位馬賽克,手指插入,DVD多士爐,單體作品,DMM獨家",2008-01-01,,IPTD-314,,/pics/cover/ftu_b.jpg
9cd316d0-d62b-40f2-91e3-935ac98bd674,95b5257d-209a-40cb-912d-e15cc1ecc917,AKB-009,jav_sources,4,1785067623420,AKB-009 コスプレイヤー 浜崎りお,,,浜崎りお（森下えりか、篠原絵梨香）,117分鐘,"角色扮演,蕩婦,多P,拘束,單體作品",2008-12-12,,AKB-009,,/pics/cover/1hd1_b.jpg
97df7386-3e5e-4647-8416-97029ba1802b,95b5257d-209a-40cb-912d-e15cc1ecc917,n0325,jav_sources,0,1785067625015,,,,,,,,,n0325,,
a9b13ba9-cee2-4b34-84a4-88a0432cfb6f,95b5257d-209a-40cb-912d-e15cc1ecc917,AVGL-128,jav_sources,4,1785067626260,AVGL-128 THE QUEEN OF DAS！小澤マリア,,,小澤マリア,225分鐘,"多P,中出,單體作品,DMM獨家,顏射,肛交",2008-11-22,,AVGL-128,,/pics/cover/1h95_b.jpg
60719ed8-a603-408e-90c5-37bd37fa9e34,95b5257d-209a-40cb-912d-e15cc1ecc917,n0348,jav_sources,0,1785067627809,,,,,,,,,n0348,,
f6a59422-0a5a-46a1-89bf-60c49afd2e65,95b5257d-209a-40cb-912d-e15cc1ecc917,HBAD-072,jav_sources,4,1785067629039,HBAD-072 潜入女捜査官 拘束性虐の罠 桐島ひかり,,,桐島ひかり,108分鐘,"各種職業,數位馬賽克,女檢察官,拘束,凌辱,單體作品",2008-10-09,,HBAD-072,,/pics/cover/shp_b.jpg
882b5c2d-b46c-4115-a8df-c8dcdaed625a,95b5257d-209a-40cb-912d-e15cc1ecc917,XV-682,jav_sources,4,1785067630579,XV-682 りあの淫らなお口でしゃぶってあげる。 桜井りあ,,,愛咲MIU（桜井りあ）,119分鐘,"口交,數位馬賽克,舔陰,女上位,單體作品",2008-10-10,,XV-682,,/pics/cover/1syw_b.jpg
2c396cdc-d501-4857-8b77-853856a98a79,95b5257d-209a-40cb-912d-e15cc1ecc917,ONED-991,jav_sources,4,1785067632123,ONED-991 ギリモザ Rioは潮吹き若奥様 Rio,,,Rio（柚木ティナ）,118分鐘,"潮吹,新娘、年輕妻子,多P,薄馬賽克,單體作品,DMM獨家",2008-06-07,,ONED-991,,/pics/cover/1gai_b.jpg
e2fd01f1-3e3f-4b21-85a2-cca2a8d4826c,95b5257d-209a-40cb-912d-e15cc1ecc917,ONED-977,jav_sources,4,1785067634670,ONED-977 ギリギリモザイク 止まらない失禁 小川あさ美,,,小川あさ美,118分鐘,"放尿,多P,薄馬賽克,女上位,單體作品,DMM獨家",2008-05-19,,ONED-977,,/pics/cover/1g7o_b.jpg
1e2528c1-1427-4e24-bf7b-aa3fced77783,95b5257d-209a-40cb-912d-e15cc1ecc917,HODV-20489,jav_sources,0,1785067636221,,,,,,,,,HODV-20489,,
b2f20b71-6bab-4dc9-9c36-17472d953f5f,95b5257d-209a-40cb-912d-e15cc1ecc917,FAX-165,jav_sources,4,1785067637519,FAX-165 ヘンリー塚本の 痴漢・痴女の通勤バス,,,"川嶋あみ,二岡ゆり,結衣（結衣美沙）,君島冴子（AOI.、村上葵）",95分鐘,"蕩婦,性騷擾,戲劇,故事集",2008-11-25,,FAX-165,,/pics/cover/oll_b.jpg
1ef855a0-77b2-45ae-935b-32c31b6b8019,95b5257d-209a-40cb-912d-e15cc1ecc917,DV-937,jav_sources,4,1785067639101,DV-937 いやらしい美尻 伊東エリ,,,伊東エリ,118分鐘,"屁股,女上位,高畫質,單體作品",2008-08-08,,DV-937,,/pics/cover/2qil_b.jpg
28b0cd94-dc21-4016-9d3e-0b79a7723028,95b5257d-209a-40cb-912d-e15cc1ecc917,SOE-110,jav_sources,4,1785067640686,SOE-110 ギリモザ ネットリ濃厚セックス 松島かえで,,,松島かえで,117分鐘,"薄馬賽克,手指插入,DVD多士爐,顏射,單體作品,DMM獨家",2008-12-07,,SOE-110,,/pics/cover/g7r_b.jpg
62b9a9cd-0599-4f2c-a9b4-e6cf22e77a79,95b5257d-209a-40cb-912d-e15cc1ecc917,ONED-971,jav_sources,4,1785067642212,ONED-971 ハイパー×ギリギリモザイク ハイパーギリギリモザイク Rio,,,Rio（柚木ティナ）,119分鐘,"潮吹,多P,拘束,薄馬賽克,單體作品,DMM獨家",2008-05-07,,ONED-971,,/pics/cover/1g6p_b.jpg
c9155dd7-65fc-4163-809c-a99ccaf1eeb5,95b5257d-209a-40cb-912d-e15cc1ecc917,DJE-006,jav_sources,4,1785067643771,DJE-006 ザーメンby女教師 村上里沙,,,村上里沙,123分鐘,"女教師,多P,女優按摩棒,DVD多士爐,單體作品,吞精",2008-12-15,,DJE-006,,/pics/cover/g8w_b.jpg
26421f47-80b8-44ff-917a-e194604cacf2,95b5257d-209a-40cb-912d-e15cc1ecc917,SDMS-526,jav_sources,4,1785067645370,SDMS-526 超高級（秘）ケツ社交クラブ,,,,100分鐘,"其他戀物癖,屁股,肛交",2008-11-20,,SDMS-526,,/pics/cover/2y5t_b.jpg
0bd2927d-8cdb-4978-a37b-3bd19850523b,95b5257d-209a-40cb-912d-e15cc1ecc917,EBOD-046,jav_sources,4,1785067657621,EBOD-046 E-BODY SPECIAL,,,"真田春香,橘ゆめみ,黒木麻衣（花野真衣、SHIHO）,妃乃ひかり",118分鐘,"多P,舔陰,女上位,巨乳,DMM獨家",2008-10-13,,EBOD-046,,/pics/cover/1h1l_b.jpg
38f36196-8d55-4695-8efa-896ed8ab1be3,95b5257d-209a-40cb-912d-e15cc1ecc917,ISM-013,jav_sources,4,1785067669837,ISM-013 マンハッタンイズム 13,,,"逢沢なお（青山れあ）,霧島奈緒子,倉科もえ",123分鐘,"企畫,業餘,濫交,情侶,女上位,顏射",2008-05-01,,ISM-013,,/pics/cover/2cue_b.jpg
4e13bf3a-01a1-4bc4-9c0d-df5af3420221,95b5257d-209a-40cb-912d-e15cc1ecc917,CRPD-222,jav_sources,4,1785067682094,CRPD-222 爆乳マゾ痴女変態ナース 浜崎りお,,,浜崎りお（森下えりか、篠原絵梨香）,117分鐘,"蕩婦,护士,數位馬賽克,巨乳,單體作品,DMM獨家",2008-03-19,,CRPD-222,,/pics/cover/28ng_b.jpg
f0268879-9f07-422f-aac9-410ab840c624,95b5257d-209a-40cb-912d-e15cc1ecc917,WSS-063,jav_sources,4,1785067683652,WSS-063 回春◆巨乳サロン 浜崎りお,,,浜崎りお（森下えりか、篠原絵梨香）,123分鐘,"口交,乳交,女上位,巨乳,單體作品",2008-03-05,,WSS-063,,/pics/cover/1sfa_b.jpg
5664b147-5829-4670-9086-1205cf66a299,95b5257d-209a-40cb-912d-e15cc1ecc917,SMA-295,jav_sources,4,1785067685215,SMA-295 キモ男に犯されるレンタル妻 浜崎りお,,,浜崎りお（森下えりか、篠原絵梨香）,117分鐘,"強姦,已婚婦女,巨乳,單體作品",2008-01-13,,SMA-295,,/pics/cover/3b0y_b.jpg
3ae67cbf-1917-4a8f-ab19-e505a9442b3b,95b5257d-209a-40cb-912d-e15cc1ecc917,JUFD-014,jav_sources,4,1785067686748,JUFD-014 匂いたつパンストの誘惑 ～美熟女OLゆみの肉感的美脚～ 風間ゆみ,,,風間ゆみ,118分鐘,"成熟的女人,連褲襪,多P,數位馬賽克,單體作品,DMM獨家",2008-04-07,,JUFD-014,,/pics/cover/1fyp_b.jpg
e9127fcf-7c92-4766-9604-0a3d9c875e41,95b5257d-209a-40cb-912d-e15cc1ecc917,SOE-080,jav_sources,4,1785067688294,SOE-080 初ごっくん×ギリモザ 初めての精飲とセックス 麻美ゆま,,,麻美ゆま,118分鐘,"乳交,淫語,薄馬賽克,DVD多士爐,顏射,單體作品,DMM獨家,吞精",2008-10-19,,SOE-080,,/pics/cover/g4n_b.jpg
a13e0ea3-ab47-4288-8155-7659b28e06f6,95b5257d-209a-40cb-912d-e15cc1ecc917,EMU-028,jav_sources,0,1785067689857,,,,,,,,,EMU-028,,
1afd3fdd-74eb-425f-bf19-64158d3bf232,95b5257d-209a-40cb-912d-e15cc1ecc917,PPSD-009,jav_sources,4,1785067691133,PPSD-009 100cmIcup 98cmGcup 93cmGcup 92cmHcup 90cmHcup 90cmGcup 90cmGcup 爆乳ハーレム大乱交,,,"浜崎りお,小坂めぐる,はるか悠,宝生優果（羽野理沙）,宮崎あい,根本あきこ,水元えり",177分鐘,"蕩婦,濫交,潮吹,戀乳癖,中出,巨乳,DMM獨家",2008-12-19,,PPSD-009,,/pics/cover/1zqv_b.jpg
0dfe2f7d-9a68-40a5-9952-adf5dfbdd7ef,95b5257d-209a-40cb-912d-e15cc1ecc917,AVSW-002,jav_sources,4,1785067692698,AVSW-002 風間ゆみの世界,,,風間ゆみ,160分鐘,"成熟的女人,合集,女上位,巨乳,單體作品,DMM獨家",2008-11-01,,AVSW-002,,/pics/cover/7am_b.jpg
874fa0b4-d1a4-41b0-877b-9aa2b1ac3cf9,95b5257d-209a-40cb-912d-e15cc1ecc917,SBNS-088,jav_sources,4,1785067694235,SBNS-088 中年男の夢を叶えるセックス やりたい放題！ 4,,,"円城ひとみ,菊川麻美,宮崎あい,綾女,陽多まり,坂上友香",92分鐘,"女上位,戲劇,水手服,打手槍",2008-09-25,,SBNS-088,,/pics/cover/16fa_b.jpg
d6736842-e111-40ce-b116-5e3e06c70d06,95b5257d-209a-40cb-912d-e15cc1ecc917,n0329,jav_sources,0,1785067695797,,,,,,,,,n0329,,
48567347-3911-4881-9337-4c930ed32a0e,95b5257d-209a-40cb-912d-e15cc1ecc917,RCT-045,jav_sources,4,1785067697047,RCT-045 究極の妄想発明シリーズ第7弾 飛び出すエロ本,,,"澄川ロア,北島玲,黒木麻衣（花野真衣、SHIHO）",131分鐘,"企畫,潮吹,多P,舔陰,巨乳",2008-08-07,,RCT-045,,/pics/cover/1hyi_b.jpg
505c6453-7ce3-4d7c-b26d-0eac068cd90e,95b5257d-209a-40cb-912d-e15cc1ecc917,EVO-045,jav_sources,4,1785067698622,EVO-045 働くオンナ VOL.20,,,Marie,148分鐘,"OL,制服,女上位,顏射,巨乳",2008-07-23,,EVO-045,,/pics/cover/2cxx_b.jpg
95fa4081-56a6-4909-bf30-2d8ff838bf38,95b5257d-209a-40cb-912d-e15cc1ecc917,MIDD-357,jav_sources,4,1785067700183,MIDD-357 女子校生公然レイプ 教壇の前で犯されて 大橋未久,,,大橋未久,118分鐘,"強姦,數位馬賽克,深喉,輪姦,拘束,DVD多士爐,高中女生,單體作品,DMM獨家",2008-02-01,,MIDD-357,,/pics/cover/fym_b.jpg
bac7540d-3030-4346-a0d0-17e1bb0d1b37,95b5257d-209a-40cb-912d-e15cc1ecc917,n0355,jav_sources,0,1785067701753,,,,,,,,,n0355,,
a859b0cd-443e-450b-9ddf-a40cd1a54bf2,95b5257d-209a-40cb-912d-e15cc1ecc917,GEN-018,jav_sources,4,1785067703024,GEN-018 ボイン240 II,,,"雪乃,速水百花,倖田みらい,片岡梨沙,女池さゆり,宝生優果（羽野理沙）,eco,辻さき,星野あかり,大塚咲（小野沙樹、大滝佐紀）",239分鐘,"乳交,戀乳癖,巨乳,女生",2010-05-25,,GEN-018,,/pics/cover/33bh_b.jpg
1887990a-e809-4c49-93e8-7f6364d102f6,95b5257d-209a-40cb-912d-e15cc1ecc917,DV-918,jav_sources,4,1785067704582,DV-918 催眠快楽 麻美ゆま,,,麻美ゆま,301分鐘,"多P,女上位,催眠,高畫質,巨乳,單體作品",2008-06-13,,DV-918,,/pics/cover/osv_b.jpg
235b9f13-617b-4b4a-a305-cb8d87fb0f60,95b5257d-209a-40cb-912d-e15cc1ecc917,SMA-316,jav_sources,4,1785067706133,SMA-316 キモ男に犯される女教師 堀口奈津美,,,広瀬奈々美（堀口奈津美）,117分鐘,"強姦,女教師,潮吹,多P,中出,單體作品",2008-04-13,,SMA-316,,/pics/cover/1g05_b.jpg
9fd8168f-892f-48f7-bd50-1dd45b35af1a,95b5257d-209a-40cb-912d-e15cc1ecc917,SSPD-047,jav_sources,4,1785067729076,SSPD-047 女怪盗 女豹6 爆弾を抱いて眠れ,,,"小澤マリア,阿当真子（合沢萌）,妃乃ひかり",158分鐘,"潮吹,數位馬賽克,手指插入,顏射,DMM獨家",2008-01-07,,SSPD-047,,/pics/cover/28j3_b.jpg
cafe7ed1-cb77-47d7-8cdb-ee4ac8b39d27,95b5257d-209a-40cb-912d-e15cc1ecc917,MIRD-033,jav_sources,4,1785067752060,MIRD-033 超絶品ボディSPECIAL 青木玲 峰なゆか 佐藤江梨花 浜崎りお,,,"峰なゆか,佐藤江梨花,浜崎りお（森下えりか、篠原絵梨香）,青木玲",235分鐘,"蕩婦,濫交,乳交,數位馬賽克,巨乳,DMM獨家",2008-03-01,,MIRD-033,,/pics/cover/28mz_b.jpg
da3de1cc-110f-4a3b-bba8-31d81e434840,95b5257d-209a-40cb-912d-e15cc1ecc917,n0346,jav_sources,0,1785067753647,,,,,,,,,n0346,,
a72ad323-4adb-43b4-9e96-19d101e71977,95b5257d-209a-40cb-912d-e15cc1ecc917,SDDE-148,jav_sources,4,1785067754894,SDDE-148 少年看守レディのお仕事 HARD,,,,114分鐘,"蕩婦,各種職業,舔陰,打手槍",2008-03-20,,SDDE-148,,/pics/cover/16rp_b.jpg
1281d0bf-92c6-4709-8403-ad0588493725,95b5257d-209a-40cb-912d-e15cc1ecc917,SVDVD-074,jav_sources,0,1785067756453,,,,,,,,,SVDVD-074,,
cdafd10c-83c3-4a2a-9933-a743d224e613,95b5257d-209a-40cb-912d-e15cc1ecc917,MIDD-395,jav_sources,4,1785067757762,MIDD-395 淫らな女教師 若菜ひかる,,,若菜ひかる,118分鐘,"女教師,數位馬賽克,巨乳,單體作品,DMM獨家",2008-07-01,,MIDD-395,,/pics/cover/28vr_b.jpg
ddf6f779-0481-4f44-aead-27f4ebefb142,95b5257d-209a-40cb-912d-e15cc1ecc917,WBW-002,jav_sources,0,1785067759359,,,,,,,,,WBW-002,,
3ff258d9-52a9-4e05-92ec-9cc3ae01bedf,95b5257d-209a-40cb-912d-e15cc1ecc917,SAK-8481,jav_sources,4,1785067760672,SAK-8481 プレミアムエディション つぼみ,,,つぼみ,120分鐘,"強姦,拘束,凌辱,單體作品,蘿莉塔",2008-02-29,,SAK-8481,,/pics/cover/s17_b.jpg
6b3f8fed-f534-478c-92fd-cb52a6e9f130,95b5257d-209a-40cb-912d-e15cc1ecc917,DV-906,jav_sources,4,1785067762215,DV-906 いやらしい美尻 辰巳ゆい,,,辰巳ゆい,120分鐘,"屁股,舔陰,女上位,單體作品",2008-05-09,,DV-906,,/pics/cover/2ucp_b.jpg
5ee36a3a-b986-4fb9-b2e9-8b04a43e1535,95b5257d-209a-40cb-912d-e15cc1ecc917,EVO-042,jav_sources,4,1785067763762,EVO-042 Can College vol.21,,,吉沢みなみ,119分鐘,"第一人稱攝影,女大學生,女上位,手指插入",2008-07-11,,EVO-042,,/pics/cover/10tz_b.jpg
192b3114-a403-47f8-9688-76ee45efd0d9,95b5257d-209a-40cb-912d-e15cc1ecc917,SOE-019,jav_sources,4,1785067765339,SOE-019 ギリモザ 犯された蒼井そら,,,蒼井そら,118分鐘,"強姦,輪姦,薄馬賽克,顏射,單體作品,DMM獨家",2008-07-19,,SOE-019,,/pics/cover/14c3_b.jpg
54427801-2379-4e7b-9220-26d4c63a1621,95b5257d-209a-40cb-912d-e15cc1ecc917,RCT-039,jav_sources,4,1785067766909,RCT-039 究極の妄想発明シリーズ第6弾 すけすけ透視メガネ パート2,,,"早乙女美奈子,芹川レイラ,ayami（赤西涼、まひる）,志水ゆい",148分鐘,"企畫,和服・喪服,各種職業,女上位,泳裝",2008-07-17,,RCT-039,,/pics/cover/3i1k_b.jpg
4df3ba22-189f-42d5-882b-d9fbcf534fbd,95b5257d-209a-40cb-912d-e15cc1ecc917,JUFD-033,jav_sources,4,1785067768639,JUFD-033 悶絶美熟女の卑猥な日常 色気ムンムンな友達のお母さん、ちなみの場合 酒井ちなみ,,,酒井ちなみ（紫葵）,117分鐘,"成熟的女人,連褲襪,數位馬賽克,女上位,顏射,單體作品,DMM獨家",2008-09-07,,JUFD-033,,/pics/cover/290s_b.jpg
824195ca-5485-4d67-bb01-d2dd3bf84f4e,95b5257d-209a-40cb-912d-e15cc1ecc917,XV-616,jav_sources,4,1785067770207,XV-616 鬼畜 Rio,,,Rio（柚木ティナ）,116分鐘,"紧缚,數位馬賽克,插入異物,顏射,單體作品",2008-01-11,,XV-616,,/pics/cover/28j0_b.jpg
20904cbb-2e0f-4044-b288-27ab1b88371a,95b5257d-209a-40cb-912d-e15cc1ecc917,PPSD-006,jav_sources,4,1785067771791,PPSD-006 110cm Lcup 108cm Kcup 奇跡のW爆乳 櫻井ゆうこ 青木りん,,,"青木りん,櫻井ゆうこ",118分鐘,"濫交,乳交,戀乳癖,中出,巨乳,DMM獨家",2008-09-19,,PPSD-006,,/pics/cover/1zf0_b.jpg
3a40cacf-f3fb-4290-9d9a-07200db37daa,95b5257d-209a-40cb-912d-e15cc1ecc917,MPD-029,jav_sources,0,1785067773382,,,,,,,,,MPD-029,,
27f873c0-3b86-4706-89c3-c4fb6a5efbc2,95b5257d-209a-40cb-912d-e15cc1ecc917,SBNS-087,jav_sources,4,1785067774684,SBNS-087 借金妻の肉欲返済 2,,,"菊川麻美,小池絵美子",73分鐘,"已婚婦女,多P,中出,戲劇,旗袍",2008-09-25,,SBNS-087,,/pics/cover/1gzq_b.jpg
2d67f8bb-0f22-41a4-b6d7-b9888bc36a05,95b5257d-209a-40cb-912d-e15cc1ecc917,n0371,jav_sources,0,1785067776243,,,,,,,,,n0371,,
da728691-59ed-495f-81fb-44d6cd3afab4,95b5257d-209a-40cb-912d-e15cc1ecc917,MIAD-374,jav_sources,4,1785067777501,MIAD-374 こんな僕がある日突然爆乳先生になっちゃった 浜崎りお,,,浜崎りお（森下えりか、篠原絵梨香）,160分鐘,"角色扮演,蕩婦,女教師,數位馬賽克,巨乳,單體作品,DMM獨家",2008-08-01,,MIAD-374,,/pics/cover/28x8_b.jpg
5b34ea5f-97e0-45da-8a19-21404b9ae5fc,95b5257d-209a-40cb-912d-e15cc1ecc917,AVGL-142,jav_sources,4,1785067779064,AVGL-142 ドリームウーマンDX,,,"鷹宮りょう,小澤マリア,広瀬奈々美（堀口奈津美）",237分鐘,"濫交,多P,顏射,DMM獨家,顏射,吞精",2008-11-22,,AVGL-142,,/pics/cover/1h82_b.jpg
82dd658a-d93d-4d5b-bb1e-d0731963c59e,95b5257d-209a-40cb-912d-e15cc1ecc917,n0312,jav_sources,0,1785067802003,,,,,,,,,n0312,,
2a66a07f-05d4-4fbe-bd97-4aa3178eae37,95b5257d-209a-40cb-912d-e15cc1ecc917,SOE-010,jav_sources,4,1785067813935,SOE-010 ギリモザ 繰り返す昇天、壮絶アクメ。 吉沢明歩,,,吉沢明歩,148分鐘,"潮吹,凌辱,薄馬賽克,女上位,單體作品,DMM獨家",2008-07-07,,SOE-010,,/pics/cover/s6e_b.jpg
f8aaef86-6cf4-4e22-a74d-e0c3ee039eef,95b5257d-209a-40cb-912d-e15cc1ecc917,FSET-148,jav_sources,4,1785067815493,FSET-148 母乳バレリーナ 立花久美【23歳】,,,立花久美,130分鐘,"其他戀物癖,數位馬賽克,母乳,單體作品",2008-09-18,,FSET-148,,/pics/cover/12z4_b.jpg
483ccef8-02d3-46d4-bf65-d5df61e748e6,95b5257d-209a-40cb-912d-e15cc1ecc917,n0327,jav_sources,0,1785067817039,,,,,,,,,n0327,,
ec12e7b2-2635-44f6-a66f-1ed608b09461,95b5257d-209a-40cb-912d-e15cc1ecc917,SHKD-321,jav_sources,4,1785067818276,SHKD-321 夫の目の前で犯されて- 貞淑妻の壊されたアナル 南波杏,,,南波杏,130分鐘,"強姦,多P,數位馬賽克,單體作品,DMM獨家,肛交",2008-02-07,,SHKD-321,,/pics/cover/1fn6_b.jpg
119c62c8-d62f-4d69-9461-31467f677150,95b5257d-209a-40cb-912d-e15cc1ecc917,MVMD-027,jav_sources,4,1785067819857,MVMD-027 W飲尿WアナルW中出し 伊藤結衣 我那覇レイ,,,"我那覇レイ（REI）,伊藤結衣",236分鐘,"女同性戀,飲尿,多P,中出,DMM獨家,肛交",2008-03-19,,MVMD-027,,/pics/cover/1fwo_b.jpg
6413e001-26f2-4971-b540-6aeff33f5583,95b5257d-209a-40cb-912d-e15cc1ecc917,DV-899,jav_sources,4,1785067821440,DV-899 数珠繋ぎ性交 麻美ゆま,,,麻美ゆま,119分鐘,"69,女上位,手指插入,巨乳,單體作品",2008-04-11,,DV-899,,/pics/cover/2z2s_b.jpg
9832652a-f6b5-4e6b-96ba-1bc4a6af6399,95b5257d-209a-40cb-912d-e15cc1ecc917,VDD-028,jav_sources,4,1785067823047,VDD-028 女医in… ［脅迫スイートルーム］ Doctor Rei（28）,,,北島玲,103分鐘,"女醫生,多P,凌辱,按摩棒,單體作品",2008-10-15,,VDD-028,,/pics/cover/246_b.jpg
7854615c-75ea-41f4-916c-bf697785a7a0,95b5257d-209a-40cb-912d-e15cc1ecc917,MIGD-126,jav_sources,4,1785067824625,MIGD-126 ドリームウーマン DREAM WOMAN VOL.63 大橋未久,,,大橋未久,118分鐘,"角色扮演,苗條,多P,數位馬賽克,DVD多士爐,單體作品,DMM獨家,顏射",2008-04-13,,MIGD-126,,/pics/cover/fys_b.jpg
30db5631-083c-4531-98ca-34ba04429920,95b5257d-209a-40cb-912d-e15cc1ecc917,DV-874,jav_sources,4,1785067826178,DV-874 現役アイドルユニットメンバー希志あいのデビュー 希志あいの,,,希志あいの,118分鐘,"偶像藝人,美少女,首次亮相,拘束,單體作品,跳蛋",2008-02-22,,DV-874,,/pics/cover/q36_b.jpg
c488822c-c5a7-4387-8cc1-939e96f2f895,95b5257d-209a-40cb-912d-e15cc1ecc917,SEND-160,jav_sources,4,1785067827728,SEND-160 まるごと星野あかりDX,,,星野あかり,241分鐘,"女同性戀,濫交,單體作品,肛交,黑人演員",2008-08-07,,SEND-160,,/pics/cover/2i4w_b.jpg
6ae7a2ea-f73b-4c18-b2e2-7f484a022628,95b5257d-209a-40cb-912d-e15cc1ecc917,VSPDS-322,jav_sources,4,1785067829318,VSPDS-322 時間よ止まれ！ パート9,,,"雛形はな,木嶋さやか,笠木彩花（笠木あやか）,細川まり,瞳れん",119分鐘,"企畫,妓女,中出",2008-04-04,,VSPDS-322,,/pics/cover/204f_b.jpg
3176974f-9192-479e-8aa9-b0d742c25307,95b5257d-209a-40cb-912d-e15cc1ecc917,TRD-062,jav_sources,0,1785067830883,,,,,,,,,TRD-062,,
d46e0a7b-d880-4304-88bb-642d2c55dc73,95b5257d-209a-40cb-912d-e15cc1ecc917,ONSD-264,jav_sources,4,1785067832158,ONSD-264 スーパーS級アイドル4時間！ 4,,,"麻美ゆま,Rio（柚木ティナ）,初音みのり,かすみりさ,松島楓,吉沢明歩",239分鐘,"潮吹,多P,顏射,巨乳,DMM獨家,打手槍",2008-12-07,,ONSD-264,,/pics/cover/16g4_b.jpg
fe87d9fd-e29d-4390-97c1-65679160f6c4,95b5257d-209a-40cb-912d-e15cc1ecc917,n0417,jav_sources,0,1785067833715,,,,,,,,,n0417,,
da1737e9-83e8-4a07-9e19-f890b7932c05,95b5257d-209a-40cb-912d-e15cc1ecc917,JUC-197,jav_sources,4,1785067834960,JUC-197 キレイなお母さんに叱られたい！ 酒井ちなみ,,,酒井ちなみ（紫葵）,116分鐘,"成熟的女人,母親,數位馬賽克,女上位,DVD多士爐,單體作品,DMM獨家,打手槍",2009-11-06,,JUC-197,,/pics/cover/ha7_b.jpg
044e85f7-4133-47a5-aa1e-05ba1cbee9ab,95b5257d-209a-40cb-912d-e15cc1ecc917,n0487,jav_sources,0,1785067836531,,,,,,,,,n0487,,
809f61bf-229c-4b96-9e94-55258f36c15c,95b5257d-209a-40cb-912d-e15cc1ecc917,032809,jav_sources,0,1785067837804,,,,,,,,,032809,,
9cb80db0-ca53-4e2e-b555-b26f93e2da06,95b5257d-209a-40cb-912d-e15cc1ecc917,IPTD-515,jav_sources,4,1785067839069,IPTD-515 かえで先生の誘惑授業 松島かえで,,,松島かえで,116分鐘,"女教師,多P,數位馬賽克,女上位,DVD多士爐,高畫質,顏射,單體作品,DMM獨家",2009-10-30,,IPTD-515,,/pics/cover/hbc_b.jpg
93c1ccd8-5ab4-4050-af13-8a7e46c4a3ce,95b5257d-209a-40cb-912d-e15cc1ecc917,EZD-311,jav_sources,4,1785067840674,EZD-311 働くオンナ狩り 11 【赤スーツ編】,,,"風見渚,みづなれい（みずなれい）,月島愛",99分鐘,"野外・露出,強姦,多P,深喉,輪姦,中出",2009-12-03,,EZD-311,,/pics/cover/14in_b.jpg
5905e9c8-1769-4048-9ca9-11a607070e9e,95b5257d-209a-40cb-912d-e15cc1ecc917,SOE-166,jav_sources,4,1785067842202,SOE-166 ギリモザ 交わる体液、濃密セックス 麻美ゆま,,,麻美ゆま,113分鐘,"乳交,薄馬賽克,DVD多士爐,顏射,巨乳,單體作品,DMM獨家",2009-02-19,,SOE-166,,/pics/cover/gaz_b.jpg
a250581d-2ebd-4fb8-819d-ff96ff09274a,95b5257d-209a-40cb-912d-e15cc1ecc917,NSPS-035,jav_sources,4,1785067843785,NSPS-035 禁断スワッピング 愛娘ダッチワイフ,,,"内藤斐奈,乙葉みくる,真心実,つぼみ",82分鐘,"多P,拘束,戲劇,水手服",2009-07-25,,NSPS-035,,/pics/cover/1iwj_b.jpg
90b3a6f5-a124-40e7-87f9-94bf7b32e1ee,95b5257d-209a-40cb-912d-e15cc1ecc917,n0476,jav_sources,0,1785067845341,,,,,,,,,n0476,,
04987a06-8626-40ea-8bf1-ea6fc2f3fc37,95b5257d-209a-40cb-912d-e15cc1ecc917,IPTD-464,jav_sources,4,1785067846594,IPTD-464 Rio先生の誘惑授業 Rio,,,Rio（柚木ティナ）,157分鐘,"女教師,淫語,多P,數位馬賽克,手指插入,高畫質,單體作品,DMM獨家",2009-07-01,,IPTD-464,,/pics/cover/1iqo_b.jpg
8d305bba-4c3c-4719-824f-7c9da85dab59,95b5257d-209a-40cb-912d-e15cc1ecc917,031309,jav_sources,0,1785067848178,,,,,,,,,031309,,
04c47647-be06-4fa8-a2f0-62b3c4aeb2fc,95b5257d-209a-40cb-912d-e15cc1ecc917,SBMX-054,jav_sources,4,1785067849419,SBMX-054 Tokyo Models Collection 一ノ瀬アメリ,,,一ノ瀬アメリ（美空あやか、栗栖エリカ）,120分鐘,"潮吹,數位馬賽克,女上位,手指插入,DVD多士爐,足交,高畫質,單體作品",2009-10-23,,SBMX-054,,/pics/cover/hby_b.jpg
33619497-1197-49d9-b3cc-b860f44f27bd,95b5257d-209a-40cb-912d-e15cc1ecc917,n0425,jav_sources,0,1785067850991,,,,,,,,,n0425,,
a0ec4e18-53d3-4fab-a6c9-5da6b35ad509,95b5257d-209a-40cb-912d-e15cc1ecc917,HON-001,jav_sources,0,1785067862920,,,,,,,,,HON-001,,
74ecb9cf-34b1-4944-9c63-3036f30d1659,95b5257d-209a-40cb-912d-e15cc1ecc917,XV-810,jav_sources,4,1785067885604,XV-810 アメリが独身男性の部屋に家庭訪問いたします。,,,一ノ瀬アメリ（美空あやか、栗栖エリカ）,118分鐘,"角色扮演,护士,女教師,數位馬賽克,DVD多士爐,單體作品",2009-12-25,,XV-810,,/pics/cover/hge_b.jpg
940d8e5b-fad6-475a-99d6-42035e4cfc75,95b5257d-209a-40cb-912d-e15cc1ecc917,SHKD-367,jav_sources,4,1785067887195,SHKD-367 夫の目の前で犯されて- 若妻の儚い希望 大橋未久,,,大橋未久,112分鐘,"強姦,已婚婦女,新娘、年輕妻子,女上位,單體作品,DMM獨家",2009-06-05,,SHKD-367,,/pics/cover/3b53_b.jpg
7bafa46a-1aab-42bf-aa97-9ed22c088942,95b5257d-209a-40cb-912d-e15cc1ecc917,TYOD-037,jav_sources,4,1785067888752,TYOD-037 きもち良すぎて白目をむくの。 浜崎りお,,,浜崎りお（森下えりか、篠原絵梨香）,117分鐘,"潮吹,花癡,女上位,顏射,巨乳,單體作品,DMM獨家",2009-03-19,,TYOD-037,,/pics/cover/2d2v_b.jpg
31b236cb-8d54-4659-a457-bd807e2891e1,95b5257d-209a-40cb-912d-e15cc1ecc917,IPTD-512,jav_sources,4,1785067890292,IPTD-512 僕とあさ美の甘～い性活 小川あさ美,,,小川あさ美,162分鐘,"潮吹,數位馬賽克,主觀視角,高畫質,顏射,單體作品,DMM獨家",2009-10-30,,IPTD-512,,/pics/cover/2a7w_b.jpg
f67b941e-e52e-4185-bb34-769d7bb163b7,95b5257d-209a-40cb-912d-e15cc1ecc917,SOE-154,jav_sources,4,1785067891877,SOE-154 ギリモザ 交わる体液、濃密セックス 吉沢明歩,,,吉沢明歩,118分鐘,"潮吹,69,薄馬賽克,女上位,手指插入,DVD多士爐,單體作品,DMM獨家",2009-02-07,,SOE-154,,/pics/cover/g6k_b.jpg
f17c1972-1116-45dc-bc3f-26ed2709648d,95b5257d-209a-40cb-912d-e15cc1ecc917,JUFD-068,jav_sources,4,1785067893446,JUFD-068 匂いたつパンストの誘惑 ～人妻ウェイトレス・涼子のムッチリ美脚～ 村上涼子,,,村上涼子（中村りかこ、黒木菜穂）,117分鐘,"連褲襪,已婚婦女,戀腿癖,手指插入,DVD多士爐,服務生,單體作品,DMM獨家",2009-06-25,,JUFD-068,,/pics/cover/gu6_b.jpg
97ce7c99-32ad-4bb3-8211-2c7531b7d3cd,95b5257d-209a-40cb-912d-e15cc1ecc917,n0482,jav_sources,0,1785067895050,,,,,,,,,n0482,,
627673c7-f8f6-4b7d-8f37-8cb01ffa852d,95b5257d-209a-40cb-912d-e15cc1ecc917,n0464,jav_sources,0,1785067896296,,,,,,,,,n0464,,
268e68fd-733f-4815-aa43-84ed5a4df936,95b5257d-209a-40cb-912d-e15cc1ecc917,SOE-240,jav_sources,4,1785067897547,SOE-240 めぞんエスワン別館,,,"相内リカ,かすみりさ,あのあるる,初音みのり,Rio（柚木ティナ）,麻美ゆま,佐山愛,みひろ,吉沢明歩",237分鐘,"濫交,乳交,潮吹,薄馬賽克,乳液,DMM獨家",2009-06-19,,SOE-240,,/pics/cover/1vnc_b.jpg
5ed90e29-0e5d-413e-8482-58e0980baba6,95b5257d-209a-40cb-912d-e15cc1ecc917,MDYD-413,jav_sources,4,1785067899120,MDYD-413 義母 美紀 佐藤美紀,,,佐藤みき（佐藤美紀、鈴木志帆）,115分鐘,"成熟的女人,多P,數位馬賽克,凌辱,婆婆,單體作品,DMM獨家",2009-02-13,,MDYD-413,,/pics/cover/sgf_b.jpg
a390a2bb-1974-4c64-bb27-d4ecf9339957,95b5257d-209a-40cb-912d-e15cc1ecc917,SDMS-894,jav_sources,4,1785067900712,SDMS-894 超高級（秘）美脚（アシ）社交クラブ,,,"RUMIKA,叶志穂,長谷川ココ,浅岡沙希（浅岡沙季）",110分鐘,"企畫,戀腿癖,DVD多士爐,足交",2009-11-22,,SDMS-894,,/pics/cover/hcz_b.jpg
3354d4f7-390f-4314-b516-9d91cfe780bc,95b5257d-209a-40cb-912d-e15cc1ecc917,n0480,jav_sources,0,1785067902290,,,,,,,,,n0480,,
ff8108f9-0a78-493e-b66f-b4c27ac635f6,95b5257d-209a-40cb-912d-e15cc1ecc917,JUFD-065,jav_sources,4,1785067914224,JUFD-065 エロい美熟女の巨尻誘惑 酒井ちなみ,,,酒井ちなみ（紫葵）,116分鐘,"成熟的女人,屁股,數位馬賽克,女上位,DVD多士爐,單體作品,DMM獨家",2009-05-25,,JUFD-065,,/pics/cover/gqy_b.jpg
0a8af6c2-a830-44bc-a5a3-5379e57bc46e,95b5257d-209a-40cb-912d-e15cc1ecc917,EVO-109,jav_sources,4,1785067915783,EVO-109 Can College vol.53,,,相澤リナ,116分鐘,"玩具,女大學生,女上位,巨乳",2009-12-12,,EVO-109,,/pics/cover/2x9e_b.jpg
6dd572c9-e95f-4095-9c6f-ba567a4b2983,95b5257d-209a-40cb-912d-e15cc1ecc917,SOE-274,jav_sources,4,1785067917337,SOE-274 ギリモザ 精子で汚れた美人OL 松島かえで,,,松島かえで,118分鐘,"蕩婦,OL,性奴,深喉,薄馬賽克,DVD多士爐,顏射,單體作品,DMM獨家",2009-09-07,,SOE-274,,/pics/cover/h52_b.jpg
25042b69-5e8b-4a95-9f1b-691dd2c87f78,95b5257d-209a-40cb-912d-e15cc1ecc917,BBI-031,jav_sources,4,1785067918906,BBI-031 やっぱり制服OLが好き！ 里美ゆりあ,,,里美ゆりあ,116分鐘,"OL,連褲襪,制服,女上位,DVD多士爐,單體作品,DMM獨家",2009-03-25,,BBI-031,,/pics/cover/gh6_b.jpg
6b16158e-cf8b-451c-9b86-53a5c4f3a02b,95b5257d-209a-40cb-912d-e15cc1ecc917,SVDVD-138,jav_sources,4,1785067920473,SVDVD-138 肛虐！女殺アナル地獄 弐の章 真白希実,,,真白希実,116分鐘,"多P,拘束,凌辱,單體作品,肛交",2009-12-05,,SVDVD-138,,/pics/cover/t6y_b.jpg
7086a306-1a54-4cd1-8d80-4444c18a7376,95b5257d-209a-40cb-912d-e15cc1ecc917,SOE-224,jav_sources,0,1785067932879,,,,,,,,,SOE-224,,
a82b7f88-f3eb-4c92-89e7-b19d79584217,95b5257d-209a-40cb-912d-e15cc1ecc917,SOE-224,jav_sources,4,1785068749336,SOE-224 ギリモザ 淫らな巨乳女教師 蒼井そら,,,蒼井そら,118分鐘,"女教師,乳交,多P,薄馬賽克,DVD多士爐,巨乳,單體作品,DMM獨家",2009-06-05,,SOE-224,,/pics/cover/gr6_b.jpg
7437bc92-687f-40f3-9d10-680866e63bdc,95b5257d-209a-40cb-912d-e15cc1ecc917,SUPD-065,jav_sources,4,1785068751069,SUPD-065 DIGITAL CHANNEL 松島かえで,,,松島かえで,221分鐘,"蕩婦,第一人稱攝影,數位馬賽克,高畫質,單體作品,DMM獨家,顏射,打手槍",2009-12-01,,SUPD-065,,/pics/cover/11dk_b.jpg
bdee6d6a-7b3c-4bb7-b6af-89859fc89ba0,95b5257d-209a-40cb-912d-e15cc1ecc917,SHKD-386,jav_sources,4,1785068752672,SHKD-386 夫の目の前で犯されて- 揺れ動く気持ち 花井メイサ,,,花井メイサ,93分鐘,"乳交,連褲襪,已婚婦女,女上位,DVD多士爐,巨乳,單體作品,DMM獨家",2009-11-06,,SHKD-386,,/pics/cover/hbq_b.jpg
c848e5da-659a-4eb6-8ef3-fcb9b3317e24,95b5257d-209a-40cb-912d-e15cc1ecc917,n0495,jav_sources,0,1785068754215,,,,,,,,,n0495,,
1fad5050-cf6c-49b6-886e-4e3b22aeefa7,95b5257d-209a-40cb-912d-e15cc1ecc917,SHKD-389,jav_sources,4,1785068755495,SHKD-389 夫の目の前で犯されて- 打ち明けられなくて… 波多野結衣,,,波多野結衣,98分鐘,"強姦,已婚婦女,舔陰,DVD多士爐,高畫質,顏射,單體作品,DMM獨家",2009-12-07,,SHKD-389,,/pics/cover/hik_b.jpg
fe18abea-8fd1-44ad-97ff-122fbf2b3bc4,95b5257d-209a-40cb-912d-e15cc1ecc917,121209-241,jav_sources,0,1785068757075,,,,,,,,,121209-241,,
71c946ec-9054-4f18-8a92-d108a7c80e69,95b5257d-209a-40cb-912d-e15cc1ecc917,BBI-039,jav_sources,4,1785068758330,BBI-039 美女ナースが僕を狙ってる！ 里美ゆりあ,,,里美ゆりあ,118分鐘,"护士,多P,DVD多士爐,顏射,單體作品,DMM獨家,吞精,打手槍",2009-04-24,,BBI-039,,/pics/cover/gq5_b.jpg
06449c04-b9fd-4550-b9a3-e1b85c819a6b,95b5257d-209a-40cb-912d-e15cc1ecc917,KV-043,jav_sources,0,1785068759925,,,,,,,,,KV-043,,
aff6bd80-5d95-4534-9f4d-251766105fad,95b5257d-209a-40cb-912d-e15cc1ecc917,050909-058,jav_sources,0,1785068761225,,,,,,,,,050909-058,,
c106c5fa-4a66-4103-a608-9a2ed14c1979,95b5257d-209a-40cb-912d-e15cc1ecc917,RCT-168,jav_sources,4,1785068762488,RCT-168 女子アナに顔射！ごっくんスペシャル,,,"小澤マリア,早乙女ルイ,北条麻妃,つぼみ",161分鐘,"企畫,顏射,女主播,顏射,吞精",2010-01-05,,RCT-168,,/pics/cover/2db5_b.jpg
8382c669-6392-4774-8a8d-34217282a308,95b5257d-209a-40cb-912d-e15cc1ecc917,BBI-076,jav_sources,4,1785068764069,BBI-076 生徒を食べちゃう変態女教師 小野紗里奈,,,小野紗里奈,118分鐘,"女教師,潮吹,多P,女上位,單體作品,DMM獨家,打手槍",2009-10-23,,BBI-076,,/pics/cover/17cc_b.jpg
96d2bb78-56e6-463c-a127-7bff04295438,95b5257d-209a-40cb-912d-e15cc1ecc917,JUFD-085,jav_sources,4,1785068765648,JUFD-085 匂いたつパンストの誘惑 ～ノーパン女医・慶子の艶めかしい美脚～ 橘慶子,,,橘慶子,118分鐘,"成熟的女人,女醫生,連褲襪,戀腿癖,數位馬賽克,高畫質,單體作品,DMM獨家",2009-11-25,,JUFD-085,,/pics/cover/2aaa_b.jpg
a155aae2-dfcc-48a6-a32e-8ec38bc913c5,95b5257d-209a-40cb-912d-e15cc1ecc917,SBMX-053,jav_sources,4,1785068767254,SBMX-053 もの凄いフェラチオのSEX 一ノ瀬アメリ,,,一ノ瀬アメリ（美空あやか、栗栖エリカ）,120分鐘,"口交,其他戀物癖,數位馬賽克,DVD多士爐,高畫質,單體作品",2009-09-25,,SBMX-053,,/pics/cover/h8k_b.jpg
e2991966-09c8-45ad-a566-5543ee379be1,95b5257d-209a-40cb-912d-e15cc1ecc917,DASD-086,jav_sources,4,1785068768918,DASD-086 ザーメン500連発の洗礼 雨宮琴音,,,雨宮琴音,237分鐘,"深喉,輪姦,凌辱,中出,單體作品,DMM獨家,顏射",2009-08-25,,DASD-086,,/pics/cover/swz_b.jpg
a334d994-7f48-4b5a-99c1-cd60796ada6d,95b5257d-209a-40cb-912d-e15cc1ecc917,PDV-089,jav_sources,4,1785068770492,PDV-089 復刻 もろなめ夫人 小林ひとみ,,,小林ひとみ,58分鐘,"蕩婦,成熟的女人,苗條,多P,複刻版,單體作品",2009-12-25,,PDV-089,,/pics/cover/1jrl_b.jpg
d4353675-5b39-42a5-9c7c-7dd1105f0062,95b5257d-209a-40cb-912d-e15cc1ecc917,IPTD-501,jav_sources,4,1785068772067,IPTD-501 美しいお姉さんの濃厚な接吻とSEX 小川あさ美,,,小川あさ美,179分鐘,"其他戀物癖,多P,數位馬賽克,高畫質,單體作品,DMM獨家",2009-10-01,,IPTD-501,,/pics/cover/1j9w_b.jpg
850a9cce-fe9e-4e0e-bd02-74813a7cc644,95b5257d-209a-40cb-912d-e15cc1ecc917,121509,jav_sources,0,1785068773646,,,,,,,,,121509,,
879294a3-8a93-4f44-a28f-13b34b15e6d9,95b5257d-209a-40cb-912d-e15cc1ecc917,MIRD-053,jav_sources,4,1785068774894,MIRD-053 Wキャスト 小川あさ美 西野翔,,,"西野翔,小川あさ美",236分鐘,"蕩婦,女同性戀,濫交,淫語,數位馬賽克,DMM獨家",2009-01-01,,MIRD-053,,/pics/cover/299a_b.jpg
0e59758d-b940-467d-b2f1-ed83162c52fa,95b5257d-209a-40cb-912d-e15cc1ecc917,MIDD-483,jav_sources,4,1785068776473,MIDD-483 淫乱痴女ナース 小川あさ美,,,小川あさ美,167分鐘,"蕩婦,护士,花癡,多P,數位馬賽克,單體作品,DMM獨家",2009-04-01,,MIDD-483,,/pics/cover/1i5q_b.jpg
aad1bbf0-8583-45a1-86e5-2569ecce5a47,95b5257d-209a-40cb-912d-e15cc1ecc917,n0448,jav_sources,0,1785068788718,,,,,,,,,n0448,,
af89212b-484c-4f97-8a9e-5077bb8c03c5,95b5257d-209a-40cb-912d-e15cc1ecc917,060509-080,jav_sources,0,1785068800651,,,,,,,,,060509-080,,
c6143322-c185-44af-9ff6-26708572ac5d,95b5257d-209a-40cb-912d-e15cc1ecc917,JUFD-053,jav_sources,4,1785068823303,JUFD-053 匂いたつパンストの誘惑 ～インテリ秘書・奈津美のグラマラス美脚～ 堀口奈津美,,,広瀬奈々美（堀口奈津美）,117分鐘,"連褲襪,戀腿癖,秘書,單體作品,DMM獨家",2009-02-07,,JUFD-053,,/pics/cover/3fag_b.jpg
77ad638c-ef3b-4fed-b9e5-e018e13573d2,95b5257d-209a-40cb-912d-e15cc1ecc917,PGD-286,jav_sources,4,1785068824889,PGD-286 THE PREMIUM V.I.P,,,"かすみりさ,冬月かえで,原更紗,小川あさ美",236分鐘,"女同性戀,濫交,數位馬賽克,足交,DMM獨家,打手槍",2009-06-05,,PGD-286,,/pics/cover/16zu_b.jpg
c1286671-8bba-495f-8b76-50b57cab6d24,95b5257d-209a-40cb-912d-e15cc1ecc917,PGD-349,jav_sources,4,1785068826422,PGD-349 恋するニーハイGIRL ほしのみゆ,,,ほしのみゆ,177分鐘,"數位馬賽克,足交,高畫質,及膝襪,高中女生,單體作品,DMM獨家,打手槍",2009-12-07,,PGD-349,,/pics/cover/17g6_b.jpg
dbca6966-54b1-4cba-b7a9-6efed44ef278,95b5257d-209a-40cb-912d-e15cc1ecc917,SOE-146,jav_sources,4,1785068828001,SOE-146 レイプ×ギリモザ 犯された女教師 麻美ゆま,,,麻美ゆま,118分鐘,"強姦,女教師,薄馬賽克,手指插入,巨乳,單體作品,DMM獨家",2009-01-19,,SOE-146,,/pics/cover/1vmk_b.jpg
18cd4172-d4f4-43e1-a94a-5e3408fecfe6,95b5257d-209a-40cb-912d-e15cc1ecc917,IPTD-483,jav_sources,4,1785068829565,IPTD-483 ミスキャンパスはSEXが大好き Rio,,,Rio（柚木ティナ）,120分鐘,"女大學生,潮吹,多P,數位馬賽克,DVD多士爐,高畫質,顏射,單體作品,DMM獨家",2009-09-01,,IPTD-483,,/pics/cover/h5b_b.jpg
c64834eb-ddbf-46f0-9921-91cd5d610328,95b5257d-209a-40cb-912d-e15cc1ecc917,SOE-242,jav_sources,4,1785068831115,SOE-242 レイプ×ギリモザ 夫の目の前で犯された若妻 松島かえで,,,松島かえで,119分鐘,"強姦,新娘、年輕妻子,多P,深喉,薄馬賽克,DVD多士爐,顏射,單體作品,DMM獨家",2009-07-07,,SOE-242,,/pics/cover/gvb_b.jpg
cd8453fe-5b59-4351-83bc-6ff2795c1e2e,95b5257d-209a-40cb-912d-e15cc1ecc917,SHS-022,jav_sources,4,1785068832713,SHS-022 素人娘、お貸しします。 VOL.17,,,相澤リナ,129分鐘,"業餘,顏射,女生",2010-01-18,,SHS-022,,/pics/cover/2dc0_b.jpg
4d03752e-8fb2-46c3-8fb9-6813708f7edb,95b5257d-209a-40cb-912d-e15cc1ecc917,061309-081,jav_sources,0,1785068834295,,,,,,,,,061309-081,,
42bc7284-63e9-4168-870a-a9279c7aa10f,95b5257d-209a-40cb-912d-e15cc1ecc917,DV-1022,jav_sources,4,1785068835552,DV-1022 RUBBERS COSPLAY 麻美ゆま,,,麻美ゆま,119分鐘,"其他戀物癖,女上位,高畫質,緊縛,巨乳,單體作品,DMM獨家",2019-04-18,,DV-1022,,/pics/cover/73j8_b.jpg
bc7c1941-239f-4512-ac4d-595e7ef05b36,95b5257d-209a-40cb-912d-e15cc1ecc917,JUC-067,jav_sources,4,1785068837120,JUC-067 母さんの腋の毛 酒井ちなみ,,,酒井ちなみ（紫葵）,117分鐘,"成熟的女人,母親,數位馬賽克,女上位,手指插入,單體作品,DMM獨家",2009-04-24,,JUC-067,,/pics/cover/29qu_b.jpg
26c7860c-8550-46de-b6aa-47f2267966fe,95b5257d-209a-40cb-912d-e15cc1ecc917,DV-1069,jav_sources,4,1785068838701,DV-1069 姉が裸族でガマンできない 麻美ゆま,,,麻美ゆま,115分鐘,"姐姐,女上位,單體作品,打手槍",2009-07-24,,DV-1069,,/pics/cover/174s_b.jpg
73178992-cde3-41ab-b822-ec266e7c12d5,95b5257d-209a-40cb-912d-e15cc1ecc917,RKI-004,jav_sources,4,1785068840272,RKI-004 サイキック少女 OFF TYPE K 花井メイサ,,,花井メイサ,86分鐘,"強姦,拘束,凌辱,DVD多士爐,格鬥家,巨乳,單體作品,DMM獨家",2009-03-19,,RKI-004,,/pics/cover/gdy_b.jpg
08ed9551-566b-480e-ad3d-d61d29d63c78,95b5257d-209a-40cb-912d-e15cc1ecc917,052209-069,jav_sources,0,1785068841856,,,,,,,,,052209-069,,
e4c1f691-6574-4fd6-a0e6-b9c8e407452e,95b5257d-209a-40cb-912d-e15cc1ecc917,022509-995,jav_sources,0,1785068843120,,,,,,,,,022509-995,,
b63586d7-d060-4464-89a3-e4fcd4ce5d28,95b5257d-209a-40cb-912d-e15cc1ecc917,n0496,jav_sources,0,1785068844378,,,,,,,,,n0496,,
5e021db8-2cce-49e1-b0cf-5dca6c906d2a,95b5257d-209a-40cb-912d-e15cc1ecc917,041809-038,jav_sources,0,1785068845642,,,,,,,,,041809-038,,
f3255f13-e508-43f9-acdb-cc99c66dd481,95b5257d-209a-40cb-912d-e15cc1ecc917,080809-134,jav_sources,0,1785068846871,,,,,,,,,080809-134,,
cb264431-d081-4292-a86c-7cc5b008fa29,95b5257d-209a-40cb-912d-e15cc1ecc917,IPTD-444,jav_sources,4,1785068848127,IPTD-444 Rioの濃厚な接吻とSEX,,,Rio（柚木ティナ）,174分鐘,"多P,數位馬賽克,女上位,單體作品,DMM獨家",2009-04-01,,IPTD-444,,/pics/cover/1i50_b.jpg
b1addb9a-df40-4c8f-b747-097db9d8bdc0,95b5257d-209a-40cb-912d-e15cc1ecc917,MXGS-153,jav_sources,4,1785068860483,MXGS-153 AKIHO48 吉沢明歩,,,吉沢明歩,117分鐘,"和服・喪服,舔陰,女上位,單體作品",2009-01-16,,MXGS-153,,/pics/cover/2ulu_b.jpg
333d2dd1-b194-494c-aae0-308f16c6c270,95b5257d-209a-40cb-912d-e15cc1ecc917,DANDY-167,jav_sources,4,1785068862073,DANDY-167 「知らない女だけが損をする！世界最大級のメガチ○ポでヤる 大人の初体験Ver.」 VOL.1,,,北条麻妃,236分鐘,"企畫,多P,數位馬賽克,單體作品,黑人演員",2010-01-05,,DANDY-167,,/pics/cover/1jrb_b.jpg
d6938fdb-2a0b-44b0-9d74-acc6b27621df,95b5257d-209a-40cb-912d-e15cc1ecc917,102109-196,jav_sources,0,1785068863662,,,,,,,,,102109-196,,
7f6ea4d4-761c-4b67-9f4f-9dc94efaaed1,95b5257d-209a-40cb-912d-e15cc1ecc917,IPTD-493,jav_sources,4,1785068864928,IPTD-493 僕とRioの甘～い性活 Rio,,,Rio（柚木ティナ）,180分鐘,"數位馬賽克,女上位,主觀視角,高畫質,單體作品,DMM獨家,打手槍",2009-10-01,,IPTD-493,,/pics/cover/179f_b.jpg
13ef5075-9342-4674-b916-17f7ba41e125,95b5257d-209a-40cb-912d-e15cc1ecc917,EZD-291,jav_sources,4,1785068866488,EZD-291 美尻美脚の現役看護師,,,茉莉花,129分鐘,"护士,屁股,戀腿癖,女上位,足交",2009-10-19,,EZD-291,,/pics/cover/3e2o_b.jpg
93f31c33-34c3-41d7-8d18-676d03a01211,95b5257d-209a-40cb-912d-e15cc1ecc917,RBD-160,jav_sources,4,1785068868077,RBD-160 貞操帯の女10 大橋未久,,,大橋未久,118分鐘,"和服・喪服,已婚婦女,凌辱,DVD多士爐,顏射,單體作品,DMM獨家",2009-08-07,,RBD-160,,/pics/cover/h33_b.jpg
c0d4edbd-0f4f-404b-8ec2-90fb882c0075,95b5257d-209a-40cb-912d-e15cc1ecc917,XV-801,jav_sources,4,1785068869628,XV-801 アメリがいきなりフェラ、すぐSEX。,,,一ノ瀬アメリ（美空あやか、栗栖エリカ）,120分鐘,"口交,數位馬賽克,女上位,手指插入,高畫質,單體作品",2009-11-27,,XV-801,,/pics/cover/1tp1_b.jpg
3c6c55cf-b194-4a1c-8118-27c4a2eb9be5,95b5257d-209a-40cb-912d-e15cc1ecc917,JUFD-077,jav_sources,4,1785068892546,JUFD-077 匂いたつパンストの誘惑 ～ノーパン家政婦・まりの卑猥な美脚～ 細川まり,,,細川まり,117分鐘,"成熟的女人,連褲襪,戀腿癖,數位馬賽克,足交,單體作品,DMM獨家",2009-09-07,,JUFD-077,,/pics/cover/2a2y_b.jpg
042d976c-55ae-4b51-aa66-231e5f52cc79,95b5257d-209a-40cb-912d-e15cc1ecc917,n0490,jav_sources,0,1785068894140,,,,,,,,,n0490,,
a981cc7b-4e38-47f9-83dc-65d39d5250d5,95b5257d-209a-40cb-912d-e15cc1ecc917,011109-958,jav_sources,0,1785068895375,,,,,,,,,011109-958,,
9cd7d6e5-8aba-4361-829f-5bd7c316ab72,95b5257d-209a-40cb-912d-e15cc1ecc917,BKD-003,jav_sources,0,1785068896614,,,,,,,,,BKD-003,,
632c0780-279c-4317-bd87-225abf7afebe,95b5257d-209a-40cb-912d-e15cc1ecc917,MIDD-571,jav_sources,4,1785068897910,MIDD-571 可愛い顔してチ●コ大好きドスケベ保母さん 大橋未久,,,大橋未久,117分鐘,"各種職業,數位馬賽克,女上位,DVD多士爐,顏射,單體作品,DMM獨家,打手槍",2009-12-11,,MIDD-571,,/pics/cover/hh7_b.jpg
d54f349a-749b-48c0-8e04-cc4b1d926a67,95b5257d-209a-40cb-912d-e15cc1ecc917,SOE-254,jav_sources,4,1785068899492,SOE-254 ギリモザ ネットリ濃厚セックス 桐原エリカ,,,桐原エリカ,118分鐘,"潮吹,多P,薄馬賽克,乳液,女上位,DVD多士爐,單體作品,DMM獨家",2009-07-17,,SOE-254,,/pics/cover/gx1_b.jpg
460fa9db-5fea-4fdf-8e21-053a177c9124,95b5257d-209a-40cb-912d-e15cc1ecc917,EVO-073,jav_sources,4,1785068901063,EVO-073 働くオンナ VOL.34,,,,155分鐘,"多P,女上位",2009-02-20,,EVO-073,,/pics/cover/1i46_b.jpg
26c8761d-9cac-4ec5-b87a-220b0c8e4696,95b5257d-209a-40cb-912d-e15cc1ecc917,112009,jav_sources,0,1785068902614,,,,,,,,,112009,,
93c411a7-c147-46e7-8141-66dbbb97543b,95b5257d-209a-40cb-912d-e15cc1ecc917,NSPS-034,jav_sources,4,1785068903874,NSPS-034 育児に追われるエロ妻 淫乱セックス 2,,,"水沢真樹,神崎レオナ（七瀬かすみ）",72分鐘,"已婚婦女,多P,戲劇",2009-07-25,,NSPS-034,,/pics/cover/1iwf_b.jpg
c66f872d-09d9-47b3-92e3-ac35a07d0e91,95b5257d-209a-40cb-912d-e15cc1ecc917,STAR-189,jav_sources,4,1785068905451,STAR-189 芸能人 原紗央莉 手コキ・淫語・痴漢女,,,原紗央莉,117分鐘,"蕩婦,偶像藝人,數位馬賽克,DVD多士爐,單體作品,打手槍",2009-10-22,,STAR-189,,/pics/cover/hf3_b.jpg
9a99aef8-4f27-49b9-bec3-2c1a614ebcc0,95b5257d-209a-40cb-912d-e15cc1ecc917,EZD-297,jav_sources,4,1785068907035,EZD-297 働くオンナ狩り 10 【カーショップ受付嬢編】,,,"上原まみ,皐月ララ",83分鐘,"野外・露出,強姦,偷窥,深喉,中出,手指插入",2009-11-01,,EZD-297,,/pics/cover/217c_b.jpg
5751fdfa-7102-40fc-ac43-dc885532289f,95b5257d-209a-40cb-912d-e15cc1ecc917,081409-140,jav_sources,0,1785068908655,,,,,,,,,081409-140,,
d1d036f8-9510-47d6-95d7-f58e05e5ca03,95b5257d-209a-40cb-912d-e15cc1ecc917,120809-237,jav_sources,0,1785068909906,,,,,,,,,120809-237,,
01cfb36e-3c18-4f03-97b6-7826e7debbe6,95b5257d-209a-40cb-912d-e15cc1ecc917,FDD2059,jav_sources,0,1785068911163,,,,,,,,,FDD2059,,
29b5f06c-18e9-4188-a2a4-3bd01b123638,95b5257d-209a-40cb-912d-e15cc1ecc917,DDT-229,jav_sources,4,1785068912482,DDT-229 縄の家 緊縛絵師と背徳姉妹 星月まゆら つぼみ,,,"つぼみ,星月まゆら",246分鐘,"SM,紧缚,亂倫,水手服",2009-06-19,,DDT-229,,/pics/cover/2fra_b.jpg
89a85142-f759-4370-a74c-f930a3fca4ec,95b5257d-209a-40cb-912d-e15cc1ecc917,082809,jav_sources,0,1785068914069,,,,,,,,,082809,,
00de805b-26ae-4c4a-a25b-aa3a1b8485ee,95b5257d-209a-40cb-912d-e15cc1ecc917,MIGD-260,jav_sources,4,1785068915310,MIGD-260 クラスで一番精子が似合う大橋未久にぶっかける！,,,大橋未久,118分鐘,"多P,數位馬賽克,制服,DVD多士爐,單體作品,DMM獨家,顏射",2009-09-01,,MIGD-260,,/pics/cover/h40_b.jpg
7d89b3ea-e65a-467b-85aa-4b69958d6b1c,95b5257d-209a-40cb-912d-e15cc1ecc917,SBMX-050,jav_sources,4,1785068916893,SBMX-050 ROOKIE’S 一ノ瀬アメリ,,,一ノ瀬アメリ（美空あやか、栗栖エリカ）,120分鐘,"潮吹,多P,數位馬賽克,首次亮相,DVD多士爐,單體作品",2009-08-28,,SBMX-050,,/pics/cover/h2e_b.jpg
1f09a516-3483-4e65-b2b7-93e3c9c92c76,95b5257d-209a-40cb-912d-e15cc1ecc917,SHKD-357,jav_sources,4,1785068918505,SHKD-357 夫の目の前で犯されて- 汚された母乳若妻 美空あやか,,,一ノ瀬アメリ（美空あやか、栗栖エリカ）,112分鐘,"強姦,新娘、年輕妻子,凌辱,母乳,DVD多士爐,單體作品,DMM獨家",2009-03-07,,SHKD-357,,/pics/cover/gdk_b.jpg
9d4698f7-355f-49d8-82d6-06a64d5dabc5,95b5257d-209a-40cb-912d-e15cc1ecc917,MIDD-516,jav_sources,4,1785068920068,MIDD-516 淫らな美尻SPECIAL 小川あさ美,,,小川あさ美,177分鐘,"屁股,多P,數位馬賽克,乳液,單體作品,DMM獨家,顏射",2009-07-01,,MIDD-516,,/pics/cover/1ipe_b.jpg
332fd079-0164-42b3-b0f0-88aca66f8551,95b5257d-209a-40cb-912d-e15cc1ecc917,SHKD-352,jav_sources,4,1785068932314,SHKD-352 狂った肉体関係 早乙女ルイ,,,早乙女ルイ,105分鐘,"強姦,拘束,顏射,單體作品,DMM獨家",2009-01-07,,SHKD-352,,/pics/cover/2d0t_b.jpg
9a0e977a-2587-4c6b-8ce9-d306862bc0f5,95b5257d-209a-40cb-912d-e15cc1ecc917,JUFD-061,jav_sources,4,1785068933896,JUFD-061 匂いたつパンストの誘惑 ～美しき未亡人・里沙の妖艶な美脚～ 村上里沙,,,村上里沙,117分鐘,"連褲襪,寡婦,戀腿癖,足交,單體作品,DMM獨家",2009-04-24,,JUFD-061,,/pics/cover/3e1d_b.jpg
a9849b5c-5b91-410b-a0bf-89f47e921b64,95b5257d-209a-40cb-912d-e15cc1ecc917,DDT-263,jav_sources,4,1785068935471,DDT-263 Mドラッグ つぼみ,,,つぼみ,112分鐘,"其他戀物癖,拘束,中出,單體作品,顏射",2009-12-19,,DDT-263,,/pics/cover/21fe_b.jpg
67048224-a34a-4f99-b4fa-76bde8bf3c16,95b5257d-209a-40cb-912d-e15cc1ecc917,SDMS-723,jav_sources,4,1785068958461,SDMS-723 超高級（秘）ケツ社交クラブ 2 セカンドインパクト,,,,117分鐘,"企畫,其他戀物癖,屁股",2009-08-07,,SDMS-723,,/pics/cover/3pg9_b.jpg
6ad2229b-4587-43d9-8f26-e01dc8ef709d,95b5257d-209a-40cb-912d-e15cc1ecc917,DASD-100,jav_sources,4,1785068960104,DASD-100 the QUEEN of DAS！小川あさ美,,,小川あさ美,116分鐘,"多P,深喉,拘束,凌辱,女上位,單體作品,DMM獨家,顏射",2009-12-25,,DASD-100,,/pics/cover/t5r_b.jpg
9ea1db3d-1d35-477a-845c-034ba2fc95cb,95b5257d-209a-40cb-912d-e15cc1ecc917,EBOD-095,jav_sources,4,1785068961683,EBOD-095 E-BODY 花井メイサ,,,花井メイサ,116分鐘,"乳交,舔陰,手指插入,顏射,巨乳,單體作品,DMM獨家",2009-12-11,,EBOD-095,,/pics/cover/2db2_b.jpg
a1e267ae-5d74-4354-ac17-5bce4d26e396,95b5257d-209a-40cb-912d-e15cc1ecc917,IPTD-500,jav_sources,4,1785068963472,IPTD-500 First Impression 天海つばさ,,,天海つばさ,120分鐘,"多P,數位馬賽克,首次亮相,DVD多士爐,高畫質,顏射,單體作品,DMM獨家",2009-10-01,,IPTD-500,,/pics/cover/h93_b.jpg
e8ce5cd6-f431-435f-8033-0fb2b8140170,95b5257d-209a-40cb-912d-e15cc1ecc917,RCT-156,jav_sources,4,1785068965071,RCT-156 究極の男尊女○の世界シリーズ復活スペシャル 晶エリーの人間便器,,,新井エリー（晶エリー、大沢佑香）,96分鐘,"企畫,放尿,凌辱,單體作品",2009-11-22,,RCT-156,,/pics/cover/t2x_b.jpg
b1f2a8e3-3f79-4803-8b9c-669ffbc1d89e,95b5257d-209a-40cb-912d-e15cc1ecc917,011809-964,jav_sources,0,1785068966641,,,,,,,,,011809-964,,
5fd14f02-633b-4760-9d0a-6e4e49d53088,95b5257d-209a-40cb-912d-e15cc1ecc917,EZD-218,jav_sources,4,1785068967885,EZD-218 働くオンナ狩り 3 【歯科衛生士編】,,,平井綾,114分鐘,"強姦,各種職業,多P,輪姦,中出",2009-03-24,,EZD-218,,/pics/cover/14hf_b.jpg
512ce520-e734-418e-92e1-1fde923c7c9b,95b5257d-209a-40cb-912d-e15cc1ecc917,062609,jav_sources,0,1785068969464,,,,,,,,,062609,,
c1dd0ca7-72e5-441d-bcd7-40139b494e44,95b5257d-209a-40cb-912d-e15cc1ecc917,MCS-001,jav_sources,4,1785068970698,MCS-001 01 母乳潮吹き新妻,,,妃悠愛（長澤杏奈、水原里香、木崎祐子）,120分鐘,"潮吹,已婚婦女,深喉,凌辱,手指插入,母乳,單體作品,DMM獨家",2011-12-22,,MCS-001,,/pics/cover/udp_b.jpg
eb2650e8-4f1a-48b8-936e-fb764d44c18e,95b5257d-209a-40cb-912d-e15cc1ecc917,SOE-276,jav_sources,4,1785068972279,SOE-276 ギリモザ 無限絶頂！激イカセFUCK 桐原エリカ,,,桐原エリカ,149分鐘,"潮吹,多P,薄馬賽克,女上位,手指插入,單體作品,DMM獨家",2009-09-07,,SOE-276,,/pics/cover/1j2w_b.jpg
31c7daa4-4ce8-4d11-b533-907b2ed6490f,95b5257d-209a-40cb-912d-e15cc1ecc917,n0494,jav_sources,0,1785068973868,,,,,,,,,n0494,,
7f1a6351-e421-4eb2-b992-f5e8906a1fb0,95b5257d-209a-40cb-912d-e15cc1ecc917,LEG-001,jav_sources,4,1785068975117,LEG-001 丸の内商社勤務OL ≪さな≫,,,,119分鐘,"玩具,OL,連褲襪,戀腿癖,足交",2009-10-23,,LEG-001,,/pics/cover/2x8a_b.jpg
e5ae68bc-d50a-49e4-8618-c8914651954a,95b5257d-209a-40cb-912d-e15cc1ecc917,EZD-324,jav_sources,4,1785068976689,EZD-324 働くオンナ狩り 12 【美容師編】,,,"麻倉まみ,愛璃みい,菅野ゆりあ",119分鐘,"強姦,各種職業,多P,深喉,顏射",2010-01-01,,EZD-324,,/pics/cover/1jqi_b.jpg
a7ba4aa4-5264-4cbb-8b15-1667422f78e3,95b5257d-209a-40cb-912d-e15cc1ecc917,n0473,jav_sources,0,1785068978320,,,,,,,,,n0473,,
d599ed6d-2fdd-476e-a0a8-461486489246,95b5257d-209a-40cb-912d-e15cc1ecc917,011109,jav_sources,0,1785068979581,,,,,,,,,011109,,
7cd970ca-a100-4469-9d63-10582b164571,95b5257d-209a-40cb-912d-e15cc1ecc917,UPSM-027,jav_sources,4,1785068994709,UPSM-027 OLのアフター7シリーズ 5 電マ責めとお仕置きまで半ベソをかく美乳OL 【化粧品販売会社勤務3年目】,,,波多野結衣,120分鐘,"業餘,OL,數位馬賽克,性奴,女優按摩棒,DVD多士爐,高畫質,單體作品",2009-12-16,,UPSM-027,,/pics/cover/hil_b.jpg
3d90b5c4-5b35-49a1-aac3-60161837b069,95b5257d-209a-40cb-912d-e15cc1ecc917,SAMA-178,jav_sources,0,1785069006950,,,,,,,,,SAMA-178,,
32716f49-ea1c-4770-94e2-ac65b4d813eb,95b5257d-209a-40cb-912d-e15cc1ecc917,n0458,jav_sources,0,1785069018941,,,,,,,,,n0458,,
a785c68b-5c3d-4538-bbbb-6bffd4ee72ae,95b5257d-209a-40cb-912d-e15cc1ecc917,KMI-039,jav_sources,4,1785069020199,KMI-039 パンスト妄想脚 早川瀬里奈,,,早川瀬里奈,138分鐘,"身體意識,連褲襪,屁股,戀腿癖,兔女郎,單體作品,DMM獨家",2009-12-19,,KMI-039,,/pics/cover/3fj1_b.jpg
9eb035a7-93ac-429d-a051-d9a87fcb8527,95b5257d-209a-40cb-912d-e15cc1ecc917,021309-986,jav_sources,0,1785069021775,,,,,,,,,021309-986,,
e046f5a7-6140-430c-8b2c-92c7336b64af,95b5257d-209a-40cb-912d-e15cc1ecc917,BF-057,jav_sources,0,1785069033723,,,,,,,,,BF-057,,
fc642629-6a66-41a2-b683-f192b5f7e492,95b5257d-209a-40cb-912d-e15cc1ecc917,SSPD-063,jav_sources,4,1785069035032,SSPD-063 女怪盗 女豹8 女豹対贋女豹,,,"鷹宮りょう,小川あさ美",207分鐘,"多P,拘束,顏射,DMM獨家",2009-02-07,,SSPD-063,,/pics/cover/1hp6_b.jpg
68b5ec9c-9d5e-497c-b368-1e06c38e6acc,95b5257d-209a-40cb-912d-e15cc1ecc917,IPTD-514,jav_sources,4,1785069036603,IPTD-514 学校でしようよ！ 天海つばさ,,,天海つばさ,154分鐘,"角色扮演,多P,數位馬賽克,女上位,高畫質,顏射,單體作品,DMM獨家",2009-10-30,,IPTD-514,,/pics/cover/1jga_b.jpg
9411ad61-6219-408b-9d03-233e589d82a6,95b5257d-209a-40cb-912d-e15cc1ecc917,010909-956,jav_sources,0,1785069038189,,,,,,,,,010909-956,,
2d733820-f2de-455d-a311-1e901772e160,95b5257d-209a-40cb-912d-e15cc1ecc917,JUC-192,jav_sources,4,1785069039446,JUC-192 狙われた母のアナル 北原夏美,,,北原夏美,118分鐘,"成熟的女人,母親,多P,數位馬賽克,DVD多士爐,高畫質,單體作品,DMM獨家,肛交",2009-11-06,,JUC-192,,/pics/cover/hbz_b.jpg
37b90108-b8d5-49dc-94ee-291923a0db76,95b5257d-209a-40cb-912d-e15cc1ecc917,MIGD-236,jav_sources,4,1785069041008,MIGD-236 ドリームウーマン DREAM WOMAN VOL.71 小川あさ美,,,小川あさ美,118分鐘,"69,多P,數位馬賽克,女上位,DVD多士爐,單體作品,DMM獨家,顏射",2009-05-01,,MIGD-236,,/pics/cover/gno_b.jpg
d9508781-f2a6-4f03-bc9a-5458c2c2c7f1,95b5257d-209a-40cb-912d-e15cc1ecc917,050209-051,jav_sources,0,1785069042601,,,,,,,,,050209-051,,
a9bbf436-b3f7-4b9f-bad9-9e114a322fdf,95b5257d-209a-40cb-912d-e15cc1ecc917,081409,jav_sources,0,1785069043870,,,,,,,,,081409,,
5634c616-2495-43f5-9a88-a586b87d0dfa,95b5257d-209a-40cb-912d-e15cc1ecc917,IPTD-507,jav_sources,4,1785069045142,IPTD-507 隣のお姉さんはドスケベなスーパーアイドル Rio,,,Rio（柚木ティナ）,119分鐘,"潮吹,多P,數位馬賽克,女上位,DVD多士爐,高畫質,單體作品,DMM獨家",2009-10-30,,IPTD-507,,/pics/cover/ham_b.jpg
84d20a7b-2724-4b20-9930-73110ddaf285,95b5257d-209a-40cb-912d-e15cc1ecc917,SAQ-09,jav_sources,0,1785069046703,,,,,,,,,SAQ-09,,
e995864a-f90c-444c-9eb4-3e80f042878a,95b5257d-209a-40cb-912d-e15cc1ecc917,DPHN-108,jav_sources,4,1785069048017,DPHN-108 非日常的悶絶遊戯 夫の部下にやられちゃう奥様、なおの場合,,,加藤なお,117分鐘,"連褲襪,已婚婦女,手指插入,單體作品",2009-08-13,,DPHN-108,,/pics/cover/2zp5_b.jpg
a3688dda-5ccb-4e34-b3ab-d374b060f52d,95b5257d-209a-40cb-912d-e15cc1ecc917,NFDM-138,jav_sources,4,1785069049582,NFDM-138 長身モデル鈴木杏里の美脚コキ,,,鈴木杏里,94分鐘,"苗條,連褲襪,高,戀腿癖,足交,單體作品",2009-10-05,,NFDM-138,,/pics/cover/3e35_b.jpg
c146118d-b740-479c-ae22-65a10c69e07b,95b5257d-209a-40cb-912d-e15cc1ecc917,DASD-066,jav_sources,4,1785069051132,DASD-066 おしっこ潮吹きザーメン浣腸26P狂乱アクメ！全穴汁ダクどこでもちんぽ。 大沢佑香,,,新井エリー（晶エリー、大沢佑香）,117分鐘,"放尿,潮吹,灌腸,中出,顏射,單體作品,DMM獨家",2009-01-25,,DASD-066,,/pics/cover/1pbd_b.jpg
7cc38fd5-ce35-4c8e-a643-11f413e4a2fe,95b5257d-209a-40cb-912d-e15cc1ecc917,SDMS-862,jav_sources,4,1785069052707,SDMS-862 爆音潮吹きアクメ演説カーがイクッ！！,,,"橘ミオン（石川鈴華）,橘れもん",130分鐘,"企畫,潮吹,手指插入,女優按摩棒,DVD多士爐",2009-12-05,,SDMS-862,,/pics/cover/he5_b.jpg
a94de59d-c905-4f0a-a475-e65a1079ad78,95b5257d-209a-40cb-912d-e15cc1ecc917,JUC-119,jav_sources,4,1785069054260,JUC-119 堕ちた万引き妻 崩壊の肉情凌辱 酒井ちなみ,,,酒井ちなみ（紫葵）,148分鐘,"成熟的女人,已婚婦女,數位馬賽克,凌辱,顏射,單體作品,DMM獨家",2009-07-07,,JUC-119,,/pics/cover/swg_b.jpg
73a16c2c-f07e-4cc3-a831-2b5e696c7d42,95b5257d-209a-40cb-912d-e15cc1ecc917,BLO-034,jav_sources,4,1785069055819,BLO-034 エロ一発妻 ～AVに応募してきた主婦たち34～,,,香坂めぐ,123分鐘,"第一人稱攝影,已婚婦女,多P,拘束,足交",2010-01-10,,BLO-034,,/pics/cover/11f2_b.jpg
c4631f8b-7ca8-4de2-88b5-1ab265f24b99,95b5257d-209a-40cb-912d-e15cc1ecc917,SDMS-639,jav_sources,4,1785069057410,SDMS-639 人間サ●ドバッグ,,,,109分鐘,"企畫,放尿,拘束",2009-01-08,,SDMS-639,,/pics/cover/1pdm_b.jpg
05db5f43-7899-4c97-a7c8-af3a160fc176,95b5257d-209a-40cb-912d-e15cc1ecc917,XXX-AV-3389,jav_sources,0,1785069059000,,,,,,,,,XXX-AV-3389,,
86f73b34-6a3b-4d0a-9f7d-d0ac8e689c0b,95b5257d-209a-40cb-912d-e15cc1ecc917,SMA-418,jav_sources,4,1785069060261,SMA-418 黒タイツが似合う美脚H秘書 高坂保奈美,,,澤村レイコ（高坂保奈美、高坂ますみ）,120分鐘,"潮吹,連褲襪,戀腿癖,秘書,足交,單體作品",2009-07-13,,SMA-418,,/pics/cover/35x7_b.jpg
77f264db-7b2e-4123-ac5e-4cc3feb6cdec,95b5257d-209a-40cb-912d-e15cc1ecc917,n0497,jav_sources,0,1785069062071,,,,,,,,,n0497,,
b6264ea0-c140-473d-9d02-d7f6b9ec01c1,95b5257d-209a-40cb-912d-e15cc1ecc917,DOM-021,jav_sources,4,1785069063335,DOM-021 やりたい放題 7,,,ゆうきさやか,189分鐘,"女優按摩棒,顏射,眼鏡,巨乳",2009-12-12,,DOM-021,,/pics/cover/2db7_b.jpg
b2f375fc-3e38-40aa-b961-57b6fadb9afb,95b5257d-209a-40cb-912d-e15cc1ecc917,SOE-280,jav_sources,4,1785069086410,SOE-280 ギリモザ OLびんびん物語 誘惑編,,,"かすみりさ,めぐり（藤浦めぐ）,初音みのり,恵けい,麻美ゆま",148分鐘,"OL,濫交,乳交,薄馬賽克,高畫質,DMM獨家,打手槍",2009-09-18,,SOE-280,,/pics/cover/175g_b.jpg
3e139f37-4c97-453e-87c8-7fc2da6df5b7,95b5257d-209a-40cb-912d-e15cc1ecc917,MIRD-055,jav_sources,4,1785069098691,MIRD-055 極上おしゃぶり学園 2,,,"小澤マリア,鈴木杏里,@YOU",237分鐘,"蕩婦,濫交,女教師,淫語,數位馬賽克,巨乳,DMM獨家,吞精",2009-02-01,,MIRD-055,,/pics/cover/29c2_b.jpg
aa192454-5f3e-4ecb-b47d-23d79add00b1,95b5257d-209a-40cb-912d-e15cc1ecc917,NSPS-022,jav_sources,4,1785069100266,NSPS-022 中年男の夢を叶えるセックス やりたい放題！ 5,,,"藤本ルイ,倖田みらい,山咲リリィ,艶堂しほり（遠藤しおり）,上野さくら,滝沢優奈",93分鐘,"护士,妓女,各種職業,多P,戲劇",2009-04-25,,NSPS-022,,/pics/cover/1ibk_b.jpg
cd5b58de-393a-4b23-82ad-4aefd8645399,95b5257d-209a-40cb-912d-e15cc1ecc917,SOE-238,jav_sources,4,1785069101861,SOE-238 ギリモザ 6つのコスチュームでパコパコ！ 桐原エリカ,,,桐原エリカ,118分鐘,"角色扮演,多P,薄馬賽克,DVD多士爐,顏射,單體作品,DMM獨家,打手槍",2009-06-19,,SOE-238,,/pics/cover/gsw_b.jpg
0f367506-80f5-463b-b539-cd4298b6b23a,95b5257d-209a-40cb-912d-e15cc1ecc917,SPRD-347,jav_sources,4,1785069103482,SPRD-347 透明な息子 【第2幕】 羽鳥澄香,,,羽鳥澄香,126分鐘,"成熟的女人,亂倫,數位馬賽克,單體作品",2009-12-26,,SPRD-347,,/pics/cover/2abb_b.jpg
3bb45cec-bb39-4348-8636-94f9462c1651,95b5257d-209a-40cb-912d-e15cc1ecc917,DDHG-007,jav_sources,4,1785069105062,DDHG-007 人妻拷問アクメ 7,,,岡山涼花,135分鐘,"已婚婦女,拘束,女優按摩棒",2009-07-08,,DDHG-007,,/pics/cover/2mbh_b.jpg
0da40603-94e6-44a0-9726-58d2a048727a,95b5257d-209a-40cb-912d-e15cc1ecc917,XV-777,jav_sources,4,1785069106621,XV-777 声を出せない状況のRioに挿入してみた。 Rio,,,Rio（柚木ティナ）,119分鐘,"其他戀物癖,數位馬賽克,手指插入,DVD多士爐,高畫質,單體作品,打手槍",2009-08-14,,XV-777,,/pics/cover/h2z_b.jpg
9240a610-4542-4dd4-899d-625c305cccc4,95b5257d-209a-40cb-912d-e15cc1ecc917,BBI-088,jav_sources,4,1785069108199,BBI-088 憧れのキス魔お姉さんに襲われた！ 里美ゆりあ,,,里美ゆりあ,118分鐘,"姐姐,女上位,手指插入,高畫質,單體作品,DMM獨家,吞精",2009-12-25,,BBI-088,,/pics/cover/2qlr_b.jpg
7a054644-05c3-401f-b042-8f54e95dc707,95b5257d-209a-40cb-912d-e15cc1ecc917,SDMS-839,jav_sources,4,1785069109767,SDMS-839 人間家畜牧場 2,,,,135分鐘,"企畫,羞恥",2009-11-06,,SDMS-839,,/pics/cover/3a65_b.jpg
34ac107a-8ab5-4a21-926a-169f04011386,95b5257d-209a-40cb-912d-e15cc1ecc917,081509-141,jav_sources,0,1785069111302,,,,,,,,,081509-141,,
f31d9112-d4eb-4e31-9c79-8c5bf581e013,95b5257d-209a-40cb-912d-e15cc1ecc917,SOE-133,jav_sources,4,1785069112543,SOE-133 レイプ×ギリモザ 犯された女教師 松島かえで,,,松島かえで,116分鐘,"強姦,女教師,多P,深喉,輪姦,薄馬賽克,單體作品,DMM獨家",2009-01-07,,SOE-133,,/pics/cover/14f1_b.jpg
612aa779-677e-4b4a-a208-19def114a9b1,95b5257d-209a-40cb-912d-e15cc1ecc917,EBOD-081,jav_sources,4,1785069114117,EBOD-081 E-BODY 小川あさ美,,,小川あさ美,115分鐘,"潮吹,屁股,女上位,顏射,單體作品,DMM獨家",2009-08-13,,EBOD-081,,/pics/cover/2d7g_b.jpg
278c3f2b-ea6a-4fa0-b5e1-5b4de54fd432,95b5257d-209a-40cb-912d-e15cc1ecc917,010409-952,jav_sources,0,1785069115701,,,,,,,,,010409-952,,
ef4e3523-6de6-4e5c-ae95-ddc8fa744215,95b5257d-209a-40cb-912d-e15cc1ecc917,IPTD-522,jav_sources,4,1785069116961,IPTD-522 未亡人 アナタごめんなさい… 原更紗,,,原更紗,111分鐘,"已婚婦女,寡婦,數位馬賽克,女上位,DVD多士爐,高畫質,戲劇,單體作品,DMM獨家",2009-12-01,,IPTD-522,,/pics/cover/hel_b.jpg
b15c756e-eb2a-49d3-b451-da45517b0364,95b5257d-209a-40cb-912d-e15cc1ecc917,DFSSD08,jav_sources,0,1785069129257,,,,,,,,,DFSSD08,,
2f937728-0a27-4c44-8dd5-97f38ed752b8,95b5257d-209a-40cb-912d-e15cc1ecc917,RKI-001,jav_sources,4,1785069130541,RKI-001 母と娘 ～汚された花嫁衣裳～ 麻美ゆま 牧原れい子,,,"麻美ゆま,牧原れい子",234分鐘,"強姦,新娘、年輕妻子,多P,凌辱,戲劇,DMM獨家",2009-03-19,,RKI-001,,/pics/cover/snz_b.jpg
9ddeea08-1a74-4ec3-b4d9-e9b610f1164e,95b5257d-209a-40cb-912d-e15cc1ecc917,091809,jav_sources,0,1785069132095,,,,,,,,,091809,,
5bf47b50-acdd-4b3b-892d-2e287c8d01c2,95b5257d-209a-40cb-912d-e15cc1ecc917,022009-991,jav_sources,0,1785069133338,,,,,,,,,022009-991,,
60b2bb81-9727-4758-9cff-5b16ae6c3a04,95b5257d-209a-40cb-912d-e15cc1ecc917,XV-800,jav_sources,4,1785069145280,XV-800 OL STYLE 制服のままイカせて Rio,,,Rio（柚木ティナ）,118分鐘,"OL,數位馬賽克,制服,舔陰,單體作品",2009-11-13,,XV-800,,/pics/cover/2a88_b.jpg
a1253ef1-6170-4bba-a376-cde918561eb7,95b5257d-209a-40cb-912d-e15cc1ecc917,DAIP-031,jav_sources,0,1785069147865,,,,,,,,,DAIP-031,,
e2d563ca-9302-4a0a-843e-87251dbdf58a,95b5257d-209a-40cb-912d-e15cc1ecc917,SVDVD-135,jav_sources,4,1785069159853,SVDVD-135 陵辱！超高級公衆肉便器 小澤マリア,,,小澤マリア,135分鐘,"潮吹,數位馬賽克,拘束,凌辱,女優按摩棒,單體作品",2009-12-05,,SVDVD-135,,/pics/cover/t3z_b.jpg
aaecbe71-8063-44bc-ae75-c10107466caa,95b5257d-209a-40cb-912d-e15cc1ecc917,FH-19,jav_sources,4,1785069161442,"FH-19 BTC ビトウィン・ザ・チークス Vol.5 : 佐藤ミカ, 千葉さなえ, 山瀬あこ, 桃山かおる, 雪山あやの",,,"佐藤ミカ,千葉さなえ,山瀬あこ,桃山かおる,雪山あやの",125分鐘,,2009-11-25,"//poweredby.jads.co/js/jads.js"">",FH-19,,/imgs/cover/2jp_b.jpg
33b83502-18bc-4a85-a552-aeac358f342a,95b5257d-209a-40cb-912d-e15cc1ecc917,DDT-248,jav_sources,4,1785069162990,DDT-248 拘束椅子Lbian 晶エリー つぼみ,,,"つぼみ,新井エリー（晶エリー、大沢佑香）",140分鐘,"女同性戀,拘束,手指插入,女同接吻",2009-09-19,,DDT-248,,/pics/cover/2imw_b.jpg
c679cec5-8c65-45d7-8e54-db7eac25c564,95b5257d-209a-40cb-912d-e15cc1ecc917,SOE-223,jav_sources,4,1785069164570,SOE-223 了解×ギリモザ 新人ギリモザ 桐原エリカ,,,桐原エリカ,117分鐘,"潮吹,舔陰,薄馬賽克,DVD多士爐,巨乳,單體作品,DMM獨家,打手槍",2009-05-19,,SOE-223,,/pics/cover/gsb_b.jpg
eccf6b5c-408c-440f-bea0-82f953431c66,95b5257d-209a-40cb-912d-e15cc1ecc917,EZD-214,jav_sources,4,1785069166147,EZD-214 働くオンナ狩り 2 【バスガイド編】,,,"宮咲志帆,南つかさ,藤木瞳",113分鐘,"強姦,監禁,車掌小姐,多P,中出",2009-03-12,,EZD-214,,/pics/cover/1iah_b.jpg
60886270-8939-489f-bf7d-7a07e46c16e6,95b5257d-209a-40cb-912d-e15cc1ecc917,SOE-192,jav_sources,4,1785069167719,SOE-192 ギリモザ 交わる体液、濃密セックス 松島かえで,,,松島かえで,118分鐘,"薄馬賽克,女上位,DVD多士爐,顏射,單體作品,DMM獨家",2009-04-07,,SOE-192,,/pics/cover/gk5_b.jpg
3f30fed4-6d77-46ce-9a03-645d80fd5cd1,95b5257d-209a-40cb-912d-e15cc1ecc917,PGD-278,jav_sources,4,1785069169290,PGD-278 失禁お漏らし女教師 冬月かえで,,,冬月かえで,118分鐘,"放尿,女教師,連褲襪,數位馬賽克,DVD多士爐,顏射,單體作品,DMM獨家",2009-05-07,,PGD-278,,/pics/cover/gpy_b.jpg
30959aec-34c7-46fd-b4dc-0591dc11739d,95b5257d-209a-40cb-912d-e15cc1ecc917,NSPS-030,jav_sources,4,1785069171050,NSPS-030 旦那のそばでムリヤリ性行為 人妻のこらえ顔,,,"真山奈々,春樹レイ,水沢真樹,吉岡奈々子",82分鐘,"已婚婦女,戲劇",2009-06-25,,NSPS-030,,/pics/cover/3905_b.jpg
a3ac3a27-b24f-4afa-a8b0-b38a534e2c7b,95b5257d-209a-40cb-912d-e15cc1ecc917,SOE-312,jav_sources,4,1785069172605,SOE-312 レイプ×ギリモザ 夫の目の前で犯された若妻 桐原エリカ,,,桐原エリカ,118分鐘,"強姦,新娘、年輕妻子,多P,凌辱,薄馬賽克,高畫質,單體作品,DMM獨家",2009-11-19,,SOE-312,,/pics/cover/t49_b.jpg
b90957c6-f16c-4013-b176-626eb07cb0eb,95b5257d-209a-40cb-912d-e15cc1ecc917,SOE-259,jav_sources,4,1785069174198,SOE-259 ギリモザ 猥褻痴漢 松島かえで,,,松島かえで,115分鐘,"性騷擾,薄馬賽克,手指插入,DVD多士爐,高畫質,顏射,單體作品,DMM獨家,打手槍",2009-08-07,,SOE-259,,/pics/cover/gxj_b.jpg
7755b20a-83a7-4f90-b5b7-aa6258bafe4b,95b5257d-209a-40cb-912d-e15cc1ecc917,UFD-003,jav_sources,4,1785069175779,UFD-003 白衣の天使と性交 麻倉憂,,,麻倉憂,115分鐘,"护士,美少女,女優按摩棒,DVD多士爐,顏射,單體作品",2009-11-15,,UFD-003,,/pics/cover/hex_b.jpg
666929c4-ff51-443f-90ea-29de607a5163,95b5257d-209a-40cb-912d-e15cc1ecc917,EZD-285,jav_sources,4,1785069177340,EZD-285 働くオンナ狩り 9 【ルート営業ウーマン編】,,,"倉本あいら,速水百花",103分鐘,"OL,汽車性愛,野外・露出,強姦,深喉,中出",2009-10-01,,EZD-285,,/pics/cover/213c_b.jpg
d04dbfc7-798c-4976-ae5c-239e48c74675,95b5257d-209a-40cb-912d-e15cc1ecc917,RBD-173,jav_sources,4,1785069178906,RBD-173 あなた、許して…。-さらけ出された欲情- 花井メイサ,,,花井メイサ,91分鐘,"已婚婦女,女上位,巨乳,單體作品,DMM獨家",2009-10-07,,RBD-173,,/pics/cover/3fhn_b.jpg
1ab23e22-3fdb-4883-a21d-2aed0ff62770,95b5257d-209a-40cb-912d-e15cc1ecc917,SHKD-382,jav_sources,4,1785069180494,SHKD-382 社長令嬢自己犠牲レイプ 私はあなたを想いながら犯される…。 心有花,,,心有花,99分鐘,"強姦,千金小姐,多P,女上位,單體作品,DMM獨家",2009-09-07,,SHKD-382,,/pics/cover/1j5g_b.jpg
2f8eedc8-a6c2-45be-a0f6-68af3170b4c5,95b5257d-209a-40cb-912d-e15cc1ecc917,XV-784,jav_sources,4,1785069182067,XV-784 女教師狩り in 椎名ゆな,,,椎名ゆな,117分鐘,"強姦,女教師,數位馬賽克,DVD多士爐,高畫質,單體作品",2009-09-11,,XV-784,,/pics/cover/h4j_b.jpg
9b74dc17-c899-44ef-8e1d-d37d8b35dbfd,95b5257d-209a-40cb-912d-e15cc1ecc917,n0468,jav_sources,0,1785069183623,,,,,,,,,n0468,,
4f332259-43e1-45b6-916e-6de433c34189,95b5257d-209a-40cb-912d-e15cc1ecc917,SOE-301,jav_sources,4,1785069184863,SOE-301 ギリモザ OLびんびん物語 凌辱編,,,"かすみりさ,めぐり（藤浦めぐ）,初音みのり,恵けい,麻美ゆま",149分鐘,"OL,強姦,潮吹,凌辱,薄馬賽克,高畫質,DMM獨家",2009-10-19,,SOE-301,,/pics/cover/sza_b.jpg
daafd945-9dc8-44cd-ae4c-4b4e64634a6c,95b5257d-209a-40cb-912d-e15cc1ecc917,SDMS-806,jav_sources,4,1785069186445,SDMS-806 中出しOK！！射精専用 壁マ○コ,,,"RUMIKA,星アンジェ,あすかみみ,原田実紗,伊東麻央（藤川ゆうき、スザンナ、谷原ゆうき）",124分鐘,"企畫,中出,女優按摩棒",2009-10-24,,SDMS-806,,/pics/cover/2162_b.jpg
55606b17-56a1-4274-b243-b471708ea620,95b5257d-209a-40cb-912d-e15cc1ecc917,EZD-268,jav_sources,4,1785069188029,EZD-268 働くオンナ狩り 8 【就活リクルーター編】,,,森谷みう,90分鐘,"女同性戀,強姦,偷窥,深喉,中出",2009-09-05,,EZD-268,,/pics/cover/20zp_b.jpg
a3b56655-6a57-4495-bdae-eff0082a38f7,95b5257d-209a-40cb-912d-e15cc1ecc917,SOE-297,jav_sources,4,1785069211001,SOE-297 ギリモザ ものすごい顔射 桐原エリカ,,,桐原エリカ,118分鐘,"多P,薄馬賽克,女上位,DVD多士爐,高畫質,顏射,單體作品,DMM獨家",2009-10-19,,SOE-297,,/pics/cover/hbo_b.jpg
0b3a44ae-a05d-45e3-ac0d-7b40094003c3,95b5257d-209a-40cb-912d-e15cc1ecc917,n0402,jav_sources,0,1785069212582,,,,,,,,,n0402,,
c35f5fa3-37af-4c62-ae22-feab1bafaf0c,95b5257d-209a-40cb-912d-e15cc1ecc917,092409,jav_sources,0,1785069213834,,,,,,,,,092409,,
adcce548-a712-413d-a850-988602ce3a78,95b5257d-209a-40cb-912d-e15cc1ecc917,MIRD-066,jav_sources,4,1785069225779,MIRD-066 超爆乳ボディSPECIAL あのあるる 花井メイサ 青木りん 小峰ひなた,,,"花井メイサ,あのあるる,青木りん,小峰ひなた",237分鐘,"女同性戀,濫交,乳交,數位馬賽克,巨乳,DMM獨家",2009-08-13,,MIRD-066,,/pics/cover/2a12_b.jpg
68c9a3f8-58f7-4f3a-ae0b-cf4d94408a84,95b5257d-209a-40cb-912d-e15cc1ecc917,STAR-176,jav_sources,4,1785069227339,STAR-176 芸能人 原紗央莉 顔面射精クリニック,,,原紗央莉,137分鐘,"偶像藝人,女醫生,數位馬賽克,DVD多士爐,顏射,單體作品",2009-07-23,,STAR-176,,/pics/cover/h0y_b.jpg
53f154b8-9362-4620-96ab-1c9d30522d63,95b5257d-209a-40cb-912d-e15cc1ecc917,HBAD-105,jav_sources,4,1785069228908,HBAD-105 性奴隷若妻 誘惑の白肌美尻 小野紗里奈,,,小野紗里奈,119分鐘,"屁股,新娘、年輕妻子,數位馬賽克,凌辱,DVD多士爐,單體作品",2009-11-08,,HBAD-105,,/pics/cover/he2_b.jpg
cf345479-17da-4133-9319-f8c5c3448e34,95b5257d-209a-40cb-912d-e15cc1ecc917,041809,jav_sources,0,1785069230453,,,,,,,,,041809,,
62f48986-df1f-41e8-8adb-1649204b80a4,95b5257d-209a-40cb-912d-e15cc1ecc917,SHX-004-1,jav_sources,0,1785069231740,,,,,,,,,SHX-004-1,,
3e5d4e21-ae0b-43ef-85ec-8405e1249cae,95b5257d-209a-40cb-912d-e15cc1ecc917,SVDVD-086,jav_sources,4,1785069232991,SVDVD-086 黒人極太アナル3穴！大沢佑香,,,新井エリー（晶エリー、大沢佑香）,120分鐘,"花癡,數位馬賽克,單體作品,肛交,黑人演員",2009-01-08,,SVDVD-086,,/pics/cover/29eh_b.jpg
3c12c569-ced3-4f87-b185-da6af23468f9,95b5257d-209a-40cb-912d-e15cc1ecc917,BF-042,jav_sources,4,1785069234545,BF-042 家庭教師ゆい先生のぶっかけ授業,,,波多野結衣,117分鐘,"家教,多P,女上位,DMM獨家,顏射",2009-07-07,,BF-042,,/pics/cover/1ipl_b.jpg
0598301d-ff06-4b03-bd61-305194b65108,95b5257d-209a-40cb-912d-e15cc1ecc917,RBD-136,jav_sources,4,1785069236109,RBD-136 楠木女学院 奴隷色のステージ 4,,,"夢咲ルシア,一色さくら,早乙女ルイ",159分鐘,"SM,女同性戀,灌腸,性奴,制服,DMM獨家",2009-02-07,,RBD-136,,/pics/cover/2ide_b.jpg
f9677e1b-fb73-4828-aab7-b8641414cb08,95b5257d-209a-40cb-912d-e15cc1ecc917,RBD-138,jav_sources,4,1785069237662,RBD-138 貞操帯の女8 鈴木杏里,,,鈴木杏里,114分鐘,"和服・喪服,已婚婦女,女上位,單體作品,DMM獨家",2009-02-07,,RBD-138,,/pics/cover/3fa7_b.jpg
914c1aee-3ab4-4751-a68c-96c4ba7f71f3,95b5257d-209a-40cb-912d-e15cc1ecc917,DDK-032,jav_sources,4,1785069239216,DDK-032 性母・彩音 浅倉彩音,,,浅倉彩音,128分鐘,"成熟的女人,母親,亂倫,女上位,巨乳,單體作品",2009-06-19,,DDK-032,,/pics/cover/3jn9_b.jpg
600f620b-5d9f-4a10-a38f-135bb5e11471,95b5257d-209a-40cb-912d-e15cc1ecc917,SOE-328,jav_sources,4,1785069240776,SOE-328 ギリモザ キャンパスメイトは痴女大生 桐原エリカ,,,桐原エリカ,118分鐘,"蕩婦,女大學生,多P,薄馬賽克,DVD多士爐,高畫質,單體作品,DMM獨家,打手槍",2009-12-18,,SOE-328,,/pics/cover/hho_b.jpg
a7ff0715-621d-4ed7-b218-6725f804e769,95b5257d-209a-40cb-912d-e15cc1ecc917,SSPD-071,jav_sources,4,1785069242530,SSPD-071 ワイヤールX殲滅作戦 小川あさ美,,,小川あさ美,117分鐘,"拘束,觸手,特效,單體作品,DMM獨家",2009-09-07,,SSPD-071,,/pics/cover/2mdg_b.jpg
19d7a0b7-13a1-4bb5-b728-72d92455f2c8,95b5257d-209a-40cb-912d-e15cc1ecc917,EZD-247,jav_sources,4,1785069244080,EZD-247 働くオンナ狩り 6 【ウェディングプランナー編】,,,"楓姫輝,宇野伊織",113分鐘,"強姦,潮吹,各種職業,中出,顏射",2009-07-02,,EZD-247,,/pics/cover/20oz_b.jpg
46956463-3db2-4e8f-9728-7fb022c1444d,95b5257d-209a-40cb-912d-e15cc1ecc917,SSPD-074,jav_sources,4,1785069245973,SSPD-074 奴隷街,,,"美麗,咲乃瞳,真心実,小川あさ美,MAYA",203分鐘,"多P,性奴,羞恥,DMM獨家",2009-12-07,,SSPD-074,,/pics/cover/1jn1_b.jpg
0981a1e0-bb3d-4912-b790-fc8fce16e1ad,95b5257d-209a-40cb-912d-e15cc1ecc917,SMA-444,jav_sources,4,1785069258222,SMA-444 ゴックン痴女の騎乗位ハメ殺し 星野あかり,,,星野あかり,150分鐘,"蕩婦,女教師,女上位,巨乳,單體作品,吞精",2009-11-13,,SMA-444,,/pics/cover/2tmd_b.jpg
feeafb4d-3ecf-4ca8-a05f-36ec87afc33a,95b5257d-209a-40cb-912d-e15cc1ecc917,RCT-098,jav_sources,4,1785069271485,RCT-098 人間便器,,,,140分鐘,"企畫,其他戀物癖,DVD多士爐",2009-03-05,,RCT-098,,/pics/cover/giq_b.jpg
ab3f353f-322c-4083-99a6-1641f416b1cf,95b5257d-209a-40cb-912d-e15cc1ecc917,CXD-013,jav_sources,4,1785069273073,CXD-013 誘惑、女教師。 男子をたぶらかす年上のオンナ 神崎レオナ,,,神崎レオナ（七瀬かすみ）,104分鐘,"蕩婦,女教師,女上位,DVD多士爐,單體作品",2009-08-15,,CXD-013,,/pics/cover/h2d_b.jpg
c03a1549-46c2-41df-a05d-7135a951ed16,95b5257d-209a-40cb-912d-e15cc1ecc917,DVS-142,jav_sources,0,1785069274635,,,,,,,,,DVS-142,,
646e664b-11c0-413e-a4fe-ae2a932bb37b,95b5257d-209a-40cb-912d-e15cc1ecc917,IPTD-518,jav_sources,4,1785069275929,IPTD-518 カテキョ カワイイ顔してとってもスケベな家庭教師 Rio,,,Rio（柚木ティナ）,174分鐘,"家教,潮吹,數位馬賽克,高畫質,眼鏡,單體作品,DMM獨家,打手槍",2009-12-01,,IPTD-518,,/pics/cover/17h4_b.jpg
c8ea3a26-31b2-40cd-aef0-938b8d600adb,95b5257d-209a-40cb-912d-e15cc1ecc917,062709-100,jav_sources,0,1785069288232,,,,,,,,,062709-100,,
7c0ec0fe-8f80-4da9-ad92-ce5c84deecb6,95b5257d-209a-40cb-912d-e15cc1ecc917,ARMD-949,jav_sources,4,1785069300151,ARMD-949 ピストン騎乗位5,,,"千野美帆,河本愛,中森玲子,飯島くらら",126分鐘,"屁股,女上位,DMM獨家",2009-05-08,,ARMD-949,,/pics/cover/3fd7_b.jpg
1747d951-abb1-4a54-b65f-7f5494c7f298,95b5257d-209a-40cb-912d-e15cc1ecc917,DV-1107,jav_sources,4,1785069301736,DV-1107 電話中の彼女にいたずら 麻美ゆま,,,麻美ゆま,119分鐘,"淫語,惡作劇,手指插入,巨乳,單體作品",2009-11-27,,DV-1107,,/pics/cover/2ztg_b.jpg
6cf70453-8052-424c-9362-8eef0d3d86b6,95b5257d-209a-40cb-912d-e15cc1ecc917,DASD-063,jav_sources,4,1785069303329,DASD-063 集団ニューハーフ輪姦乱交レイプ 小澤マリア,,,"有沢セナ,愛間みるく,小澤マリア,あやか",116分鐘,"濫交,強姦,變性者,深喉,輪姦,凌辱,DMM獨家",2009-01-25,,DASD-063,,/pics/cover/si8_b.jpg
ff87c2dd-0d1a-4fee-9820-9826e6df5b07,95b5257d-209a-40cb-912d-e15cc1ecc917,SDMS-889,jav_sources,4,1785069304900,SDMS-889 人間家畜牧場 番外編 女畜競馬場,,,,90分鐘,"企畫,野外・露出,DVD多士爐",2009-11-08,,SDMS-889,,/pics/cover/hdd_b.jpg
a2338fe8-8961-490d-9c2a-af4415976a04,95b5257d-209a-40cb-912d-e15cc1ecc917,n0419,jav_sources,0,1785069306471,,,,,,,,,n0419,,
2e291bd6-fe8a-4aa9-b15f-6d92856376f7,95b5257d-209a-40cb-912d-e15cc1ecc917,NHDT-783,jav_sources,4,1785069307709,NHDT-783 裸の大陸 5,,,白石優,107分鐘,"企畫,野外・露出,DVD多士爐,單體作品",2009-03-05,,NHDT-783,,/pics/cover/ggf_b.jpg
43ed87ca-7c5b-487d-b1a4-73fb981b7c6d,95b5257d-209a-40cb-912d-e15cc1ecc917,ONSD-340,jav_sources,4,1785069309292,ONSD-340 めぞんエスワン S1女優と24時間セックスざんまい！,,,"相内リカ,かすみりさ,あのあるる,初音みのり,Rio（柚木ティナ）,麻美ゆま,佐山愛,みひろ,吉沢明歩",235分鐘,"蕩婦,濫交,潮吹,薄馬賽克,巨乳,DMM獨家",2009-07-17,,ONSD-340,,/pics/cover/1vn5_b.jpg
49ce3d3a-7f25-4b5a-b669-f0410d72605e,95b5257d-209a-40cb-912d-e15cc1ecc917,SDMS-955,jav_sources,4,1785069310864,SDMS-955 ウブな女子校生が時間を止めて男子生徒のチ○ポにイタズラしまくり！,,,みづなれい（みずなれい）,108分鐘,"企畫,惡作劇,處女,DVD多士爐,高中女生",2010-01-19,,SDMS-955,,/pics/cover/hkh_b.jpg
62f8949e-3cf9-46ba-9fa8-f0e56d04e7f7,95b5257d-209a-40cb-912d-e15cc1ecc917,MIDD-507,jav_sources,4,1785069312425,MIDD-507 精飲ハンター 真田春香,,,真田春香,118分鐘,"角色扮演,多P,數位馬賽克,DVD多士爐,足交,單體作品,DMM獨家,吞精",2009-06-01,,MIDD-507,,/pics/cover/gti_b.jpg
23ceb576-0f0b-483f-ab22-dadc47159a4e,95b5257d-209a-40cb-912d-e15cc1ecc917,HODV-20552,jav_sources,4,1785069313949,HODV-20552 中出し初体験 スーパーイカセFUCK 明日花キララ,,,明日花キララ,116分鐘,"多P,拘束,中出,女優按摩棒,高畫質,單體作品",2009-04-06,,HODV-20552,,/pics/cover/1i4w_b.jpg
265be15b-db58-4091-955f-a403cb0adb91,95b5257d-209a-40cb-912d-e15cc1ecc917,IPTD-473,jav_sources,4,1785069315560,IPTD-473 Rioを気持ちよくイカせて,,,Rio（柚木ティナ）,120分鐘,"潮吹,多P,數位馬賽克,拘束,舔陰,DVD多士爐,高畫質,單體作品,DMM獨家",2009-07-31,,IPTD-473,,/pics/cover/gz1_b.jpg
c85c2734-9e1d-4219-9038-25df2d948f2e,95b5257d-209a-40cb-912d-e15cc1ecc917,SVDVD-123,jav_sources,4,1785069317142,SVDVD-123 極マシンバイブ拷問！ 贄四 早川瀬里奈,,,早川瀬里奈,136分鐘,"數位馬賽克,拘束,凌辱,單體作品",2009-09-05,,SVDVD-123,,/pics/cover/t0x_b.jpg
cea29580-8f13-4a84-a02b-3f096cf883f8,95b5257d-209a-40cb-912d-e15cc1ecc917,MXGS-187,jav_sources,4,1785069318742,MXGS-187 風俗ちゃんねる 14 佐山愛,,,佐山愛,126分鐘,"和服・喪服,紧缚,妓女,女上位,DVD多士爐,巨乳,單體作品",2009-06-20,,MXGS-187,,/pics/cover/gwd_b.jpg
bc8e7f6b-030c-497e-9c9a-ce01611fded6,95b5257d-209a-40cb-912d-e15cc1ecc917,RD-295,jav_sources,4,1785069320305,RD-295 おはズボッ！匂いたつフェロモン 美熟女スペシャル,,,"中村綾乃,澤村レイコ（高坂保奈美、高坂ますみ）,亜佐倉みんと,秋川真理,川上ゆう（森野雫）,柊早矢（美咲ゆりあ）",93分鐘,"成熟的女人,野外・露出",2009-07-26,,RD-295,,/pics/cover/2oky_b.jpg
0e568ef5-cd27-4989-bc75-0e6d3e455af4,95b5257d-209a-40cb-912d-e15cc1ecc917,DV-1061,jav_sources,4,1785069321905,DV-1061 麻美ゆまの極太品評会,,,麻美ゆま,128分鐘,"企畫,口交,單體作品,打手槍",2009-06-26,,DV-1061,,/pics/cover/1704_b.jpg
45c9f8ed-9a46-4cf1-aa5c-b567af87fe69,95b5257d-209a-40cb-912d-e15cc1ecc917,IESP-510,jav_sources,4,1785069323491,IESP-510 麻薬捜査官 ヤク漬け膣痙攣 早乙女ルイ,,,早乙女ルイ,115分鐘,"藥物,各種職業,多P,凌辱,DVD多士爐,單體作品",2009-11-08,,IESP-510,,/pics/cover/hdo_b.jpg
3e4757d3-59ff-4843-96b3-2c15ad7dd3c6,95b5257d-209a-40cb-912d-e15cc1ecc917,IPTD-489,jav_sources,4,1785069325079,IPTD-489 カテキョ カワイイ顔してとってもスケベな家庭教師 希崎ジェシカ,,,希崎ジェシカ,161分鐘,"蕩婦,家教,潮吹,多P,數位馬賽克,高畫質,單體作品,DMM獨家",2009-09-01,,IPTD-489,,/pics/cover/1j3e_b.jpg
c04e672a-8594-4605-86ec-7220ccbe7a8f,95b5257d-209a-40cb-912d-e15cc1ecc917,n0469,jav_sources,0,1785069326640,,,,,,,,,n0469,,
e3d77a51-311f-4e0b-9633-559b8b21fcdf,95b5257d-209a-40cb-912d-e15cc1ecc917,SDMS-869,jav_sources,4,1785069327895,SDMS-869 東京マ○コ園,,,,120分鐘,"企畫,野外・露出,DVD多士爐",2009-10-19,,SDMS-869,,/pics/cover/hbm_b.jpg
0762270c-7174-43a2-b49c-828b9efb594d,95b5257d-209a-40cb-912d-e15cc1ecc917,EVO-078,jav_sources,4,1785069329443,EVO-078 働くオンナ VOL.37,,,水嶋あずみ,113分鐘,"潮吹,各種職業,多P,制服,手指插入",2009-03-24,,EVO-078,,/pics/cover/1icd_b.jpg
4b49923d-e847-4514-8595-fd182a01b396,95b5257d-209a-40cb-912d-e15cc1ecc917,EZD-224,jav_sources,4,1785069331010,EZD-224 働くオンナ狩り 4 【地方銀行員編】,,,"宝部ゆき,春風えみ,川村葵",128分鐘,"強姦,各種職業,多P,輪姦,中出",2009-05-11,,EZD-224,,/pics/cover/14hk_b.jpg
371cdb70-7466-4b64-b1a7-449b05e56230,95b5257d-209a-40cb-912d-e15cc1ecc917,XV-736,jav_sources,0,1785069332581,,,,,,,,,XV-736,,
747da94a-b58c-4221-b2bd-983f09190cac,95b5257d-209a-40cb-912d-e15cc1ecc917,DEX-006,jav_sources,4,1785069333880,DEX-006 DECADE EX 6 木田彩水,,,木田彩水,82分鐘,"乳房,單體作品",2009-08-28,,DEX-006,,/pics/cover/3oii_b.jpg
2e27ef86-1db6-44f9-8a0e-32673277b535,95b5257d-209a-40cb-912d-e15cc1ecc917,SPRD-329,jav_sources,4,1785069335447,SPRD-329 中坊時代の担任を、同窓会だと偽って、犯しまくった教え子達。 沢村麻耶,,,沢村麻耶,116分鐘,"女教師,多P,數位馬賽克,凌辱,單體作品",2009-10-22,,SPRD-329,,/pics/cover/szc_b.jpg
266a8d01-6462-4051-a3df-e186baed173c,95b5257d-209a-40cb-912d-e15cc1ecc917,MIDD-490,jav_sources,4,1785069337029,MIDD-490 潮吹き失禁おしおきメイド 大橋未久,,,大橋未久,118分鐘,"放尿,潮吹,多P,數位馬賽克,DVD多士爐,單體作品,DMM獨家,女傭",2009-05-01,,MIDD-490,,/pics/cover/goc_b.jpg
c17e6c8d-31b0-4275-97da-4c50d8b91cfe,95b5257d-209a-40cb-912d-e15cc1ecc917,SDMS-638,jav_sources,4,1785069338597,SDMS-638 人間玩具,,,,105分鐘,"企畫,多P,拘束",2009-01-08,,SDMS-638,,/pics/cover/1ic7_b.jpg
fa2def94-3a88-43d0-8032-749a57a71d05,95b5257d-209a-40cb-912d-e15cc1ecc917,SOE-200,jav_sources,4,1785069361528,SOE-200 ギリモザ 究極の黄金比BODY 麻美ゆま,,,麻美ゆま,118分鐘,"乳交,潮吹,薄馬賽克,乳液,DVD多士爐,巨乳,單體作品,DMM獨家",2009-04-19,,SOE-200,,/pics/cover/glg_b.jpg
b4b99636-40b7-4ba5-9289-33627a81095b,95b5257d-209a-40cb-912d-e15cc1ecc917,BBI-084,jav_sources,4,1785069363111,BBI-084 尻痴女 ～尻でザーメン絞り出す女～ 里美ゆりあ,,,里美ゆりあ,117分鐘,"連褲襪,屁股,多P,單體作品,DMM獨家",2009-11-25,,BBI-084,,/pics/cover/1jl6_b.jpg
15c63bdc-e853-453c-a9ad-685006175240,95b5257d-209a-40cb-912d-e15cc1ecc917,HBAD-104,jav_sources,4,1785069364668,HBAD-104 高飛車女教師 恥辱ザーメン教室 星野あかり,,,星野あかり,120分鐘,"女教師,數位馬賽克,凌辱,DVD多士爐,單體作品",2009-11-08,,HBAD-104,,/pics/cover/he0_b.jpg
dd7c68bd-8fba-4b20-bf79-2aae6231670f,95b5257d-209a-40cb-912d-e15cc1ecc917,n0454,jav_sources,0,1785069366236,,,,,,,,,n0454,,
49d2e74a-b6cd-4123-be7c-d3060abcc322,95b5257d-209a-40cb-912d-e15cc1ecc917,BID-005,jav_sources,4,1785069378153,BID-005 ザーメンおねだりビンビン学園 里美ゆりあ＆あゆむ＆小桜沙樹,,,"あゆむ,里美ゆりあ,小桜沙樹",177分鐘,"女同性戀,濫交,女教師,手指插入,DMM獨家,打手槍",2009-08-25,,BID-005,,/pics/cover/176z_b.jpg
3dc9444b-810f-4a2c-8fcc-f0bd077d4fcb,95b5257d-209a-40cb-912d-e15cc1ecc917,SOE-275,jav_sources,4,1785069379738,SOE-275 ギリモザ 家庭教師の胸チラ授業 長澤あずさ,,,長澤あずさ,119分鐘,"家教,乳交,潮吹,薄馬賽克,DVD多士爐,高畫質,巨乳,單體作品,DMM獨家",2009-09-07,,SOE-275,,/pics/cover/h5l_b.jpg
1e492f10-6040-451a-bb92-e6268a4b4213,95b5257d-209a-40cb-912d-e15cc1ecc917,EZD-259,jav_sources,4,1785069381333,EZD-259 働くオンナ狩り 7 【女教師編】,,,"松田早紀,鷹宮りょう,鈴木茶織",106分鐘,"強姦,女教師,多P,中出",2009-08-01,,EZD-259,,/pics/cover/1iwl_b.jpg
4f4b79fc-0a4d-4df2-abe0-c80aed116ebe,95b5257d-209a-40cb-912d-e15cc1ecc917,n0452,jav_sources,0,1785069382915,,,,,,,,,n0452,,
6f9eed92-85c0-48af-9b64-9af008388d6f,95b5257d-209a-40cb-912d-e15cc1ecc917,SOE-175,jav_sources,4,1785069384182,SOE-175 ギリモザ 隣の誘惑お姉さん 松島かえで,,,松島かえで,148分鐘,"69,薄馬賽克,女上位,顏射,單體作品,DMM獨家,打手槍",2009-03-07,,SOE-175,,/pics/cover/16qc_b.jpg
46b3af1b-2f17-40f9-b9cc-602bc048a8ac,95b5257d-209a-40cb-912d-e15cc1ecc917,050109,jav_sources,0,1785069385758,,,,,,,,,050109,,
2c8df762-c52d-44c0-a79a-f7bff3c08afd,95b5257d-209a-40cb-912d-e15cc1ecc917,n0406,jav_sources,0,1785069387127,,,,,,,,,n0406,,
80adbfdf-1551-473d-8391-aaaa866180ff,95b5257d-209a-40cb-912d-e15cc1ecc917,XV-745,jav_sources,0,1785069388370,,,,,,,,,XV-745,,
600cf4a3-9436-4bbb-b00a-1c5baf5bbb01,95b5257d-209a-40cb-912d-e15cc1ecc917,SDMS-838,jav_sources,4,1785069389686,SDMS-838 VIP会員限定 ケツ玩具,,,,133分鐘,"屁股,肛交",2009-11-06,,SDMS-838,,/pics/cover/2y7r_b.jpg
2a35cd93-270a-4c79-9d5b-4564c230acd1,95b5257d-209a-40cb-912d-e15cc1ecc917,SOE-295,jav_sources,4,1785069391255,SOE-295 パーフェクトボディ×ギリモザ 巨乳女教師の誘惑 桜ここみ,,,桜ここみ,118分鐘,"女教師,潮吹,多P,薄馬賽克,DVD多士爐,高畫質,巨乳,單體作品,DMM獨家",2009-10-19,,SOE-295,,/pics/cover/hc9_b.jpg
2723a86a-e724-49ea-b9b3-3596572509b2,95b5257d-209a-40cb-912d-e15cc1ecc917,IESP-511,jav_sources,4,1785069392838,IESP-511 団地妻の憂い 星野あかり,,,星野あかり,111分鐘,"已婚婦女,女上位,DVD多士爐,巨乳,單體作品",2009-11-08,,IESP-511,,/pics/cover/hdm_b.jpg
1f007c0a-521b-421d-9ae6-4db6cec93c02,95b5257d-209a-40cb-912d-e15cc1ecc917,SDMS-954,jav_sources,4,1785069394401,SDMS-954 超高級（秘）ケツ社交クラブ ファイナル,,,,118分鐘,"企畫,其他戀物癖,屁股,DVD多士爐",2010-01-19,,SDMS-954,,/pics/cover/hm5_b.jpg
c1cc67d1-019f-409c-90c7-61fb0e485470,95b5257d-209a-40cb-912d-e15cc1ecc917,DOM-014,jav_sources,4,1785069395998,DOM-014 タランチュラ 09,,,早乙女ルイ,118分鐘,"潮吹,多P,女上位,手指插入,女優按摩棒",2009-03-24,,DOM-014,,/pics/cover/1ibq_b.jpg
96417e00-327b-491f-b174-dc5ac9def01e,95b5257d-209a-40cb-912d-e15cc1ecc917,EZD-234,jav_sources,4,1785069397600,EZD-234 働くオンナ狩り 5 【アナウンサー学校編】,,,"雪見紗弥,あすかみみ",148分鐘,"強姦,潮吹,偷窥,中出,手指插入",2009-06-02,,EZD-234,,/pics/cover/20j2_b.jpg
98e52183-0ac6-4304-92fe-da79f81361ce,95b5257d-209a-40cb-912d-e15cc1ecc917,SOE-207,jav_sources,4,1785069399167,SOE-207 ギリモザ 潮吹きナースの誘惑看護 吉沢明歩,,,吉沢明歩,118分鐘,"护士,潮吹,多P,薄馬賽克,女上位,DVD多士爐,單體作品,DMM獨家",2009-05-07,,SOE-207,,/pics/cover/gob_b.jpg
cb34d15b-dd3f-47ec-baa4-f4f214bdbb3e,95b5257d-209a-40cb-912d-e15cc1ecc917,IPTD-434,jav_sources,4,1785069400744,IPTD-434 Rioの毎日カーニバル,,,Rio（柚木ティナ）,176分鐘,"69,多P,數位馬賽克,乳液,女上位,單體作品,DMM獨家",2009-03-01,,IPTD-434,,/pics/cover/1hu1_b.jpg
c7841a45-e42c-44cf-b0a9-8ba009c83317,95b5257d-209a-40cb-912d-e15cc1ecc917,n0433,jav_sources,0,1785069402303,,,,,,,,,n0433,,
a73abf58-f04a-438f-905d-12e60023f181,95b5257d-209a-40cb-912d-e15cc1ecc917,EBOD-113,jav_sources,4,1785069403545,EBOD-113 艶めかしい美体の猿並み性交 JULIA,,,JULIA,116分鐘,"乳交,女上位,手指插入,高畫質,巨乳,單體作品,DMM獨家",2010-05-13,,EBOD-113,,/pics/cover/2qo9_b.jpg
1b30e1fd-d88d-46ee-ad56-46ed7d5b8163,95b5257d-209a-40cb-912d-e15cc1ecc917,BBI-099,jav_sources,4,1785069405153,BBI-099 ゆりあ先生のディープスロート教室 里美ゆりあ,,,里美ゆりあ,118分鐘,"女教師,口交,多P,女上位,高畫質,單體作品,DMM獨家",2010-03-25,,BBI-099,,/pics/cover/1k54_b.jpg
1a44b0c7-6588-4bc3-b205-83c5d7f827a9,95b5257d-209a-40cb-912d-e15cc1ecc917,MEK-008,jav_sources,4,1785069406706,MEK-008 職女。 File08,,,一ノ瀬アメリ（美空あやか、栗栖エリカ）,122分鐘,"各種職業,多P,制服,拘束,顏射",2010-12-18,,MEK-008,,/pics/cover/1l61_b.jpg
6212621b-0db3-4996-aef8-0169afed97f4,95b5257d-209a-40cb-912d-e15cc1ecc917,n0536,jav_sources,0,1785069408289,,,,,,,,,n0536,,
2b1ad16c-1386-4971-85eb-e7d5ae58a3b0,95b5257d-209a-40cb-912d-e15cc1ecc917,DANDY-201,jav_sources,4,1785069409532,DANDY-201 「知らない女だけが損をする！FINAL 世界最大級のメガチ○ポで強制フェラ/ハメ潮/2穴中出しをヤる」,,,新井エリー（晶エリー、大沢佑香）,233分鐘,"企畫,潮吹,多P,數位馬賽克,單體作品,黑人演員",2010-09-24,,DANDY-201,,/pics/cover/1kv7_b.jpg
b08dca57-375f-415d-aa33-597460e3c947,95b5257d-209a-40cb-912d-e15cc1ecc917,IPTD-619,jav_sources,4,1785069411098,IPTD-619 100発の精子飲む 一ノ瀬アメリ,,,一ノ瀬アメリ（美空あやか、栗栖エリカ）,236分鐘,"角色扮演,數位馬賽克,高畫質,顏射,單體作品,DMM獨家,吞精",2010-07-30,,IPTD-619,,/pics/cover/2alw_b.jpg
4d9eb3d7-05a6-4a90-b278-0c1daafd4545,95b5257d-209a-40cb-912d-e15cc1ecc917,n0521,jav_sources,0,1785069444758,,,,,,,,,n0521,,
b065fd87-1a03-45fc-82ba-93ccbbeb1900,95b5257d-209a-40cb-912d-e15cc1ecc917,S2MBD-002,jav_sources,0,1785069456696,,,,,,,,,S2MBD-002,,
52e517f0-e21b-4338-be04-5fd3a54d8974,95b5257d-209a-40cb-912d-e15cc1ecc917,042910,jav_sources,0,1785069457960,,,,,,,,,042910,,
6ac6267e-2bf1-4bf4-b959-700c5d5a3335,95b5257d-209a-40cb-912d-e15cc1ecc917,IPTD-607,jav_sources,4,1785069459330,IPTD-607 一ノ瀬アメリの濃厚な接吻とSEX,,,一ノ瀬アメリ（美空あやか、栗栖エリカ）,157分鐘,"多P,數位馬賽克,女上位,高畫質,單體作品,DMM獨家,打手槍",2010-07-01,,IPTD-607,,/pics/cover/181z_b.jpg
255eed5f-6b25-448f-b7da-7bb9c67ef72d,95b5257d-209a-40cb-912d-e15cc1ecc917,IPTD-543,jav_sources,4,1785069460894,IPTD-543 僕とかえでの甘～い性活 松島かえで,,,松島かえで,180分鐘,"數位馬賽克,足交,主觀視角,高畫質,單體作品,DMM獨家,打手槍",2010-02-01,,IPTD-543,,/pics/cover/17lo_b.jpg
a80bd880-524c-4907-ba4e-f4e2a6e69f48,95b5257d-209a-40cb-912d-e15cc1ecc917,JUFD-106,jav_sources,4,1785069462463,JUFD-106 匂いたつパンストの誘惑 ～ノーパン歯科助手・あかりのスケベな美脚～ 星野あかり,,,星野あかり,117分鐘,"各種職業,連褲襪,戀腿癖,數位馬賽克,DVD多士爐,高畫質,單體作品,DMM獨家",2010-05-07,,JUFD-106,,/pics/cover/i2d_b.jpg
e302854c-e0f2-47af-bc71-e57f63736427,95b5257d-209a-40cb-912d-e15cc1ecc917,SKYHD-039,jav_sources,4,1785069464022,SKYHD-039 スカイエンジェル ブルー Vol.39 (ブルーレイディスク版) : 波多野結衣,,,波多野結衣,108分鐘,,2010-08-30,"//poweredby.jads.co/js/jads.js"">",SKYHD-039,,/imgs/cover/2se_b.jpg
7b545a63-c2c8-402d-94a0-496f99daf7a6,95b5257d-209a-40cb-912d-e15cc1ecc917,INU-006,jav_sources,4,1785069465609,INU-006 東京ブルドック 05,,,一ノ瀬アメリ（美空あやか、栗栖エリカ）,121分鐘,"苗條,模特兒,乳房,顏射,單體作品",2011-01-02,,INU-006,,/pics/cover/2djm_b.jpg
db7d5907-bb5f-4ad3-a3b9-055c88705e28,95b5257d-209a-40cb-912d-e15cc1ecc917,DV-1212,jav_sources,0,1785069467202,,,,,,,,,DV-1212,,
bae3859c-39d4-48bb-9103-6766d8d06705,95b5257d-209a-40cb-912d-e15cc1ecc917,IPTD-666,jav_sources,4,1785069468506,IPTD-666 見つめ合って感じ合う情熱SEX Rio,,,Rio（柚木ティナ）,151分鐘,"數位馬賽克,舔陰,高畫質,顏射,單體作品,DMM獨家",2010-11-27,,IPTD-666,,/pics/cover/2asz_b.jpg
92e72870-5bcf-47d6-90bb-cfae666b07d4,95b5257d-209a-40cb-912d-e15cc1ecc917,n0594,jav_sources,0,1785069470090,,,,,,,,,n0594,,
f6c61e17-a843-486f-8f31-0c2711e384f3,95b5257d-209a-40cb-912d-e15cc1ecc917,CCC-220,jav_sources,4,1785069471348,CCC-220 大量浣腸アナル責め 失神2穴調教 HARUKI,,,希咲エマ（HARUKI、加藤はる希）,120分鐘,"灌腸,性奴,女優按摩棒,單體作品,女生,肛交",2010-12-06,,CCC-220,,/pics/cover/2yb8_b.jpg
daebcee9-e18f-4273-99a2-04a0d5ceec96,95b5257d-209a-40cb-912d-e15cc1ecc917,n0598,jav_sources,0,1785069472923,,,,,,,,,n0598,,
e748672d-c1f6-4e59-ac90-dde9cd58e26f,95b5257d-209a-40cb-912d-e15cc1ecc917,OSR-005,jav_sources,4,1785069474188,OSR-005 都合のイイ体 一ノ瀬アメリ,,,一ノ瀬アメリ（美空あやか、栗栖エリカ）,118分鐘,"乳交,拘束,羞恥,乳液,單體作品",2011-01-16,,OSR-005,,/pics/cover/2gwc_b.jpg
9b02041e-f8d8-4df5-977b-8026fe3a8751,95b5257d-209a-40cb-912d-e15cc1ecc917,n0528,jav_sources,0,1785069475769,,,,,,,,,n0528,,
bda02a36-6269-4853-965a-012c0af2e878,95b5257d-209a-40cb-912d-e15cc1ecc917,SHKD-415,jav_sources,4,1785069477038,SHKD-415 夫の目の前で犯されて- ターゲット 小川あさ美,,,小川あさ美,111分鐘,"強姦,已婚婦女,女上位,DVD多士爐,高畫質,單體作品,DMM獨家",2010-08-06,,SHKD-415,,/pics/cover/iex_b.jpg
ed2f785f-36b5-4eae-8177-c5bdec8d8bc4,95b5257d-209a-40cb-912d-e15cc1ecc917,MIDD-652,jav_sources,4,1785069478682,MIDD-652 ヤラせてよっ！エリカ先生 桐原エリカ,,,桐原エリカ,115分鐘,"女教師,潮吹,多P,數位馬賽克,DVD多士爐,高畫質,巨乳,單體作品,DMM獨家",2010-07-13,,MIDD-652,,/pics/cover/icy_b.jpg
a6c292dc-6faa-4dae-9f6e-7cb9560f1d9a,95b5257d-209a-40cb-912d-e15cc1ecc917,MIDD-583,jav_sources,4,1785069480292,MIDD-583 献身ナースのディープスロート看護 大橋未久,,,大橋未久,118分鐘,"护士,口交,多P,數位馬賽克,女上位,DVD多士爐,單體作品,DMM獨家",2010-01-13,,MIDD-583,,/pics/cover/hln_b.jpg
157b93ac-85c2-41d1-bd28-ef36c7559157,95b5257d-209a-40cb-912d-e15cc1ecc917,SOE-419,jav_sources,4,1785069481868,SOE-419 神様がくれた最高のクビレと爆乳 小沢真理奈,,,小沢真理奈,116分鐘,"乳交,多P,薄馬賽克,女上位,DVD多士爐,高畫質,巨乳,單體作品,DMM獨家",2010-06-18,,SOE-419,,/pics/cover/i87_b.jpg
9da0cd05-ab97-4062-8ce4-90bceb61cdb4,95b5257d-209a-40cb-912d-e15cc1ecc917,SVDVD-192,jav_sources,4,1785069494135,SVDVD-192 強制家畜露出,,,早乙女ルイ,139分鐘,"野外・露出,性奴,羞恥,單體作品",2010-11-07,,SVDVD-192,,/pics/cover/2otq_b.jpg
f66275e6-aef5-4f9f-9bc5-144ecfa5c86e,95b5257d-209a-40cb-912d-e15cc1ecc917,PGD-353,jav_sources,4,1785069495699,PGD-353 ノーパン女教師 椎名ゆな,,,椎名ゆな,150分鐘,"女教師,乳交,多P,數位馬賽克,高畫質,單體作品,DMM獨家,打手槍",2010-01-07,,PGD-353,,/pics/cover/17ih_b.jpg
f1a05954-c35d-4e98-8e34-8bdfd43feb27,95b5257d-209a-40cb-912d-e15cc1ecc917,IPTD-598,jav_sources,4,1785069507997,IPTD-598 未亡人 アナタごめんなさい… 松島かえで,,,松島かえで,117分鐘,"寡婦,69,多P,數位馬賽克,舔陰,DVD多士爐,高畫質,單體作品,DMM獨家",2010-07-01,,IPTD-598,,/pics/cover/i78_b.jpg
2e211705-ca0c-498e-bb32-b09a4f7279f5,95b5257d-209a-40cb-912d-e15cc1ecc917,DV-1142,jav_sources,0,1785069520272,,,,,,,,,DV-1142,,
d7584547-a923-477f-bd40-ed964400ab6e,95b5257d-209a-40cb-912d-e15cc1ecc917,SHKD-399,jav_sources,0,1785069523417,,,,,,,,,SHKD-399,,
